form	lemma	POS	morph
		
༼		PUNCT
		
༽ ༄༅། །		PUNCT
དབུ་	དབུ་	NOUN
དང་	དང་	NO_POS
མཐའ་	མཐའ་	NOUN
རྣམ་པ་	རྣམ་པ་	NOUN
ར་	ལ་	PART
འབྱེད་པ་	འབྱེད་པ་	VERB
འི་	གི་	PART
ཚིག་ལེའུ་	ཚིག་ལེའུ་	OTHER
ར་	ལ་	PART
བྱས་པ་	བྱས་པ་	VERB
བཞུགས་	བཞུགས་	VERB
སོ་	གོ་	PART
།། ༼		PUNCT
		
༽ ༄༅། །		PUNCT
རྒྱ་གར་	རྒྱ་གར་	PROPN
སྐད་	སྐད་	NOUN
དུ་	ལ་	PART
།		PUNCT
མ་	མ་	PART
དྷྱཱནྟ་		NON_WORD
བི་	བི་	NO_POS
བྷཾ་		NON_WORD
ག་	ག་	PRON
ཀཱ་	ཀཱ་	NO_POS
རི་	རི་	NOUN
ཀཱ་	ཀཱ་	NO_POS
།		PUNCT
བོད་སྐད་	བོད་སྐད་	PROPN
དུ་	ལ་	PART
།		PUNCT
དབུ་	དབུ་	NOUN
དང་	དང་	NO_POS
མཐའ་	མཐའ་	NOUN
རྣམ་པ་	རྣམ་པ་	NOUN
ར་	ལ་	PART
འབྱེད་པ་	འབྱེད་པ་	VERB
འི་	གི་	PART
ཚིག་ལེའུ་	ཚིག་ལེའུ་	OTHER
ར་	ལ་	PART
བྱས་པ་	བྱས་པ་	VERB
།		PUNCT
འཇམ་དཔལ་	འཇམ་དཔལ་	PROPN
གཞོན་ནུ་	གཞོན་ནུ་	ADJ
ར་	ལ་	PART
གྱུར་པ་	གྱུར་པ་	VERB
ལ་	ལ་	PART
ཕྱག་	ཕྱག་	NOUN
འཚལ་	འཚལ་	VERB
ལོ་	གོ་	PART
། །		PUNCT
མཚན་ཉིད་	མཚན་ཉིད་	NOUN
སྒྲིབ་པ་	སྒྲིབ་པ་	VERB
དེ་	སྟེ་	PART
ཁོ་ན་	ཁོ་ན་	DET
། །		PUNCT
གཉེན་པོ་	གཉེན་པོ་	NOUN
དག་	དག་	DET
ནི་	ནི་	NO_POS
བསྒོམ་པ་	བསྒོམ་པ་	VERB
དང་	དང་	NO_POS
། །		PUNCT
དེ་	སྟེ་	PART
ཡི་	གི་	PART
གནས་	གནས་	NOUN
དང་	དང་	NO_POS
འབྲས་བུ་	འབྲས་བུ་	NOUN
ཐོབ་	ཐོབ་	VERB
། །		PUNCT
ཐེག་པ་	ཐེག་པ་	NOUN
བླ་	བླ་	NOUN
ན་	ལ་	PART
མེད་པ་	མེད་པ་	VERB
འོ་	གོ་	PART
། །		PUNCT
ཡང་དག་	ཡང་དག་	ADJ
མ་	མ་	PART
ཡིན་	ཡིན་	NO_POS
ཀུན་རྟོག་	ཀུན་རྟོག་	NOUN
ཡོད་	ཡོད་	VERB
། །		PUNCT
དེ་	སྟེ་	PART
ལ་	ལ་	PART
གཉིས་པོ་	གཉིས་པོ་	NUM
ཡོད་	ཡོད་	VERB
མ་	མ་	PART
ཡིན་	ཡིན་	NO_POS
། །		PUNCT
སྟོང་པ་ཉིད་	སྟོང་པ་ཉིད་	NOUN
ནི་	ནི་	NO_POS
འདི་	འདི་	DET
ལ་	ལ་	PART
ཡོད་	ཡོད་	VERB
། །		PUNCT
དེ་	སྟེ་	PART
ལ་	ལ་	PART
ཡང་	ཀྱང་	PART
ནི་	ནི་	NO_POS
དེ་	སྟེ་	PART
ཡོད་	ཡོད་	VERB
དོ་	གོ་	PART
། །		PUNCT
སྟོང་པ་	སྟོང་པ་	VERB
མ་	མ་	PART
ཡིན་	ཡིན་	NO_POS
མི་	མི་	PART
སྟོང་	སྟོང་	NUM
མིན་	མིན་	AUX
། །		PUNCT
དེ་ལྟ་བས་ན་	དེ་ལྟ་བས་ན་	NO_POS
ཐམས་ཅད་	ཐམས་ཅད་	DET
བཤད་	བཤད་	VERB
། །		PUNCT
ཡོད་པ་	ཡོད་པ་	VERB
ས་	གིས་	PART
མེད་པ་	མེད་པ་	VERB
ས་	གིས་	PART
ཡོད་པ་	ཡོད་པ་	VERB
ས་	གིས་	PART
ན་	ལ་	PART
། །		PUNCT
དེ་	སྟེ་	PART
ནི་	ནི་	NO_POS
དབུ་མ་	དབུ་མ་	PROPN
འི་	གི་	PART
ལམ་	གམ་	PART
ཡིན་	ཡིན་	NO_POS
ནོ་	གོ་	PART
། །		PUNCT
དོན་	དོན་	NOUN
དང་སེམས་	དང་སེམས་	NO_POS
ཅན་	ཅན་	PART
བདག་	བདག་	PRON
རྣམ་རིག་	རྣམ་རིག་	OTHER
།		PUNCT
སྣང་བ་	སྣང་བ་	VERB
འི་	གི་	PART
རྣམ་པ་	རྣམ་པ་	NOUN
ར་	ལ་	PART
ཤེས་པ་	ཤེས་པ་	VERB
ནི་	ནི་	NO_POS
། །		PUNCT
རབ་ཏུ་	རབ་ཏུ་	NO_POS
སྐྱེ་	སྐྱེ་	NOUN
འོ་	གོ་	PART
དེ་	དེ་	DET
འི་	གི་	PART
དོན་མེད་	དོན་མེད་	ADJ
། །		PUNCT
དེ་	སྟེ་	PART
མེད་པ་	མེད་པ་	VERB
ས་	གིས་	PART
ན་	ལ་	PART
དེ་ཡང་	དེ་ཡང་	ADV
མེད་	མེད་	VERB
། །		PUNCT
ཡང་དག་	ཡང་དག་	ADJ
མ་	མ་	PART
ཡིན་	ཡིན་	NO_POS
ཀུན་རྟོག་པ་	ཀུན་རྟོག་པ་	NOUN
། །		PUNCT
དེ་	སྟེ་	PART
ནི་	ནི་	NO_POS
དེ་ཕྱིར་	དེ་ཕྱིར་	NO_POS
གྲུབ་པ་	གྲུབ་པ་	VERB
ཡིན་	ཡིན་	NO_POS
། །		PUNCT
དེ་བཞིན་	དེ་བཞིན་	OTHER
མ་	མ་	PART
ཡིན་	ཡིན་	NO_POS
ཡེ་	ཡེ་	ADV
མེད་	མེད་	VERB
ཡིན་	ཡིན་	NO_POS
། །		PUNCT
དེ་	སྟེ་	PART
ཟད་	ཟད་	VERB
ནམ་	གམ་	PART
ནི་	ནི་	NO_POS
གྲོལ་བ་	གྲོལ་བ་	VERB
ར་	ལ་	PART
འདོད་	འདོད་	VERB
། །		PUNCT
བརྟགས་པ་	བརྟགས་པ་	VERB
དང་	དང་	NO_POS
ནི་	ནི་	NO_POS
གཞན་དབང་	གཞན་དབང་	NO_POS
དང་	དང་	NO_POS
། །		PUNCT
ཡོངས་སུ་	ཡོངས་སུ་	NO_POS
གྲུབ་པ་	གྲུབ་པ་	VERB
ཉིད་	ཉིད་	DET
ཀྱང་	ཀྱང་	PART
ངོ་	གོ་	PART
། །		PUNCT
དོན་	དོན་	NOUN
ཕྱིར་ཡང་	ཕྱིར་ཡང་	PART
དག་	དག་	DET
མིན་	མིན་	AUX
རྟོག་	རྟོག་	VERB
ཕྱི་	ཕྱི་	OTHER
། །		PUNCT
གཉིས་པོ་	གཉིས་པོ་	NUM
མེད་པ་	མེད་པ་	VERB
འི་	གི་	PART
ཕྱི་	ཕྱི་	OTHER
བཤད་	བཤད་	VERB
དོ་	གོ་	PART
། །		PUNCT
དམིགས་པ་	དམིགས་པ་	VERB
ལ་	ལ་	PART
ནི་	ནི་	NO_POS
བརྟེན་	བརྟེན་	VERB
ན་	ནས་	PART
སུ་	ལ་	PART
། །		PUNCT
མི་	མི་	PART
དམིགས་པ་	དམིགས་པ་	VERB
ནི་	ནི་	NO_POS
རབ་ཏུ་	རབ་ཏུ་	NO_POS
སྐྱེ་	སྐྱེ་	NOUN
། །		PUNCT
མི་	མི་	PART
དམིགས་པ་	དམིགས་པ་	VERB
ལ་	ལ་	PART
བརྟེན་	བརྟེན་	VERB
ན་	ནས་	PART
སུ་	ལ་	PART
། །		PUNCT
མི་	མི་	PART
དམིགས་པ་	དམིགས་པ་	VERB
ནི་	ནི་	NO_POS
རབ་ཏུ་	རབ་ཏུ་	NO_POS
སྐྱེ་	སྐྱེ་	NOUN
། །		PUNCT
དེ་	སྟེ་	PART
ཡི་	གི་	PART
ཕྱི་	ཕྱི་	OTHER
ན་	ལ་	PART
དམིགས་པ་	དམིགས་པ་	VERB
ནི་	ནི་	NO_POS
། །		PUNCT
མི་	མི་	PART
དམིགས་	དམིགས་	VERB
ངོ་བོ་	ངོ་བོ་	NOUN
ཉིད་	ཉིད་	DET
དུ་	ལ་	PART
གྲུབ་	གྲུབ་	VERB
། །		PUNCT
དེ་ལྟ་བས་ན་	དེ་ལྟ་བས་ན་	NO_POS
དམིགས་པ་	དམིགས་པ་	VERB
དང་	དང་	NO_POS
། །		PUNCT
མི་	མི་	PART
དམིགས་	དམིགས་	VERB
མཉམ་པ་	མཉམ་པ་	VERB
ར་	ལ་	PART
ཤེས་པ་	ཤེས་པ་	VERB
ར་	ལ་	PART
བྱ་	བྱ་	VERB
། །		PUNCT
ཡང་དག་	ཡང་དག་	ADJ
མ་	མ་	PART
ཡིན་	ཡིན་	NO_POS
ཀུན་རྟོག་	ཀུན་རྟོག་	NOUN
ནི་	ནི་	NO_POS
། །		PUNCT
སེམས་	སེམས་	NOUN
དང་སེམས་	དང་སེམས་	NO_POS
བྱུང་	བྱུང་	VERB
ཁམས་	ཁམས་	NOUN
གསུམ་པ་	གསུམ་པ་	NUM
། །		PUNCT
དེ་	སྟེ་	PART
ལ་དོན་	ལ་དོན་	OTHER
མཐོང་	མཐོང་	VERB
རྣམ་པ་	རྣམ་པ་	NOUN
ར་	ལ་	PART
ཤེ་	ཤེ་	VERB
། །		PUNCT
དེ་	སྟེ་	PART
ཡི་	གི་	PART
ཁྱད་པར་	ཁྱད་པར་	NOUN
སེམས་ལས་	སེམས་ལས་	NOUN
བྱུང་	བྱུང་	VERB
། །		PUNCT
གཅིག་	གཅིག་	NUM
ནི་	ནི་	NO_POS
རྐྱེན་	རྐྱེན་	NOUN
གྱི་	གི་	PART
རྣམ་པ་	རྣམ་པ་	NOUN
ར་	ལ་	PART
ཤེ་	ཤེ་	VERB
། །		PUNCT
གཉིས་པ་	གཉིས་པ་	NUM
ཉེ་བ་		
སྤྱོད་པ་	སྤྱོད་པ་	VERB
ཅན་	ཅན་	PART
། །		PUNCT
ཉེ་བ་		
སྤྱོད་	སྤྱོད་	VERB
དང་	དང་	NO_POS
ཡོངས་གཅོད་	ཡོངས་གཅོད་	NO_POS
དང་	དང་	NO_POS
། །		PUNCT
དེ་	སྟེ་	PART
ཡི་	གི་	PART
འཇུག་བྱེད་	འཇུག་བྱེད་	NO_POS
སེམས་ལས་	སེམས་ལས་	NOUN
བྱུང་	བྱུང་	VERB
། །		PUNCT
སྒྲིབ་པ་	སྒྲིབ་པ་	VERB
འི་	གི་	PART
ཕྱི་	ཕྱི་	OTHER
དང་	དང་	NO_POS
འདེབས་པ་	འདེབས་པ་	VERB
འི་	གི་	PART
ཕྱི་	ཕྱི་	OTHER
། །		PUNCT
ཁྲིད་པ་	ཁྲིད་པ་	VERB
འི་	གི་	PART
ཕྱི་	ཕྱི་	OTHER
དང་	དང་	NO_POS
ཀུན་འཛིན་	ཀུན་འཛིན་	PROPN
ཕྱི་	ཕྱི་	OTHER
། །		PUNCT
རྫོགས་བྱེད་	རྫོགས་བྱེད་	PROPN
ཕྱི་	ཕྱི་	OTHER
དང་	དང་	NO_POS
གསུམ་	གསུམ་	NUM
གཅོད་	གཅོད་	NO_POS
ཕྱི་	ཕྱི་	OTHER
། །		PUNCT
ཉེ་བ་		
གཅོད་	གཅོད་	NO_POS
ཕྱི་	ཕྱི་	OTHER
སྡུད་པ་	སྡུད་པ་	VERB
འི་	གི་	PART
ཕྱི་	ཕྱི་	OTHER
། །		PUNCT
སྦྱོར་བ་	སྦྱོར་བ་	VERB
འི་	གི་	PART
ཕྱི་	ཕྱི་	OTHER
དང་	དང་	NO_POS
མངོན་དུ་	མངོན་དུ་	NO_POS
འི་	གི་	PART
ཕྱི་	ཕྱི་	OTHER
། །		PUNCT
སྡུག་བསྔལ་	སྡུག་བསྔལ་	NOUN
ཕྱི་	ཕྱི་	OTHER
ན་	ལ་	PART
འགྲོ་	འགྲོ་	VERB
ཉོན་མོངས་	ཉོན་མོངས་	NOUN
། །		PUNCT
རྣམ་	རྣམ་	NOUN
གསུམ་	གསུམ་	NUM
རྣམ་	རྣམ་	NOUN
གཉིས་	གཉིས་	NUM
ཀྱང་	ཀྱང་	PART
ཉོན་མོངས་	ཉོན་མོངས་	NOUN
། །		PUNCT
རྣམ་	རྣམ་	NOUN
བདུན་	བདུན་	NUM
ཡང་དག་	ཡང་དག་	ADJ
མིན་	མིན་	AUX
རྟོག་	རྟོག་	VERB
ལ་	ལ་	ADP
ས་	གིས་	PART
། །		PUNCT
སྟོང་	སྟོང་	NUM
༼		PUNCT
		
༽		PUNCT
པ་	པ་	PART
ཉིད་	ཉིད་	DET
ནི་	ནི་	NO_POS
མདོ་	མདོ་	NOUN
ར་	ལ་	PART
བསྡུ་	བསྡུ་	VERB
ན་	ལ་	PART
། །		PUNCT
མཚན་ཉིད་	མཚན་ཉིད་	NOUN
དང་	དང་	NO_POS
ནི་	ནི་	NO_POS
རྣམ་	རྣམ་	NOUN
གྲངས་	གྲངས་	NOUN
དང་	དང་	NO_POS
། །		PUNCT
དེ་	སྟེ་	PART
ཡི་	གི་	PART
དོན་	དོན་	NOUN
དང་	དང་	NO_POS
དབྱེ་བ་	དབྱེ་བ་	VERB
དང་	དང་	NO_POS
། །		PUNCT
སྒྲུབ་པ་	སྒྲུབ་པ་	VERB
དག་	དག་	DET
སྟེ་	སྟེ་	PART
ཤེས་པ་	ཤེས་པ་	VERB
ར་	ལ་	PART
བྱ་	བྱ་	VERB
། །		PUNCT
གཉིས་	གཉིས་	NUM
དངོས་མེད་	དངོས་མེད་	NOUN
དང་	དང་	NO_POS
དངོས་མེད་པ་	དངོས་མེད་པ་	NOUN
འི་	གི་	PART
། །		PUNCT
དངོས་པོ་	དངོས་པོ་	NOUN
སྟོང་པ་	སྟོང་པ་	VERB
འི་	གི་	PART
མཚན་ཉིད་	མཚན་ཉིད་	NOUN
དོ་	གོ་	PART
། །		PUNCT
ཡོད་པ་	ཡོད་པ་	VERB
མ་	མ་	PART
ཡིན་	ཡིན་	NO_POS
མེད་པ་	མེད་པ་	VERB
འང་	ཀྱང་	PART
མིན་	མིན་	AUX
། །		PUNCT
ཐ་དད་	ཐ་དད་	ADJ
གཅིག་པ་	གཅིག་པ་	ADJ
འི་	གི་	PART
མཚན་ཉིད་	མཚན་ཉིད་	NOUN
མིན་	མིན་	AUX
། །		PUNCT
སྟོང་པ་ཉིད་	སྟོང་པ་ཉིད་	NOUN
ནི་	ནི་	NO_POS
མདོ་	མདོ་	NOUN
ར་	ལ་	PART
བསྡུ་	བསྡུ་	VERB
ན་	ལ་	PART
། །		PUNCT
དེ་བཞིན་ཉིད་	དེ་བཞིན་ཉིད་	NOUN
དང་	དང་	NO_POS
ཡང་དག་	ཡང་དག་	ADJ
མཐའ་	མཐའ་	NOUN
། །		PUNCT
མཚན་མ་	མཚན་མ་	NOUN
མེད་	མེད་	VERB
དང་	དང་	NO_POS
དོན་དམ་	དོན་དམ་	NOUN
དང་	དང་	NO_POS
། །		PUNCT
ཆོ་	ཆོ་	NOUN
ཀྱི་	གི་	PART
དབྱིངས་	དབྱིངས་	NOUN
ནི་	ནི་	NO_POS
རྣམ་	རྣམ་	NOUN
གྲངས་	གྲངས་	NOUN
སོ་	གོ་	PART
། །		PUNCT
གཞན་	གཞན་	DET
མིན་	མིན་	AUX
ཕྱིན་	ཕྱིན་	VERB
ཅི་	ཅི་	NO_POS
ལོག་	ལོག་	VERB
མ་	མ་	PART
ཡིན་	ཡིན་	NO_POS
། །		PUNCT
དེ་	སྟེ་	PART
འགོག་	འགོག་	NO_POS
འཕགས་པ་	འཕགས་པ་	VERB
འི་	གི་	PART
སྤྱོད་ཡུལ་	སྤྱོད་ཡུལ་	NOUN
དང་	དང་	NO_POS
། །		PUNCT
འཕགས་པ་	འཕགས་པ་	VERB
འི་	གི་	PART
ཆོ་	ཆོ་	NOUN
ཀྱི་	གི་	PART
རྒྱུ་	རྒྱུ་	NOUN
ཡི་	གི་	PART
ཕྱི་	ཕྱི་	OTHER
། །		PUNCT
རྣམ་	རྣམ་	NOUN
གྲངས་	གྲངས་	NOUN
དོན་	དོན་	NOUN
ཏེ་	སྟེ་	PART
གོ་རིམ་	གོ་རིམ་	NOUN
བཞིན་	བཞིན་	NOUN
། །		PUNCT
ཀུན་	ཀུན་	DET
ན་	ནས་	PART
ཉོན་མོངས་	ཉོན་མོངས་	NOUN
རྣམ་པ་	རྣམ་པ་	NOUN
ར་	ལ་	PART
དག་	དག་	DET
།		PUNCT
དེ་	སྟེ་	PART
ནི་	ནི་	NO_POS
དྲི་	དྲི་	NOUN
བཅའ་	བཅའ་	VERB
དྲི་མ་	དྲི་མ་	NOUN
མེད་	མེད་	VERB
། །		PUNCT
ཆུ་ཁམས་	ཆུ་ཁམས་	NO_POS
གསེར་	གསེར་	NOUN
དང་	དང་	NO_POS
ནམ་མཁའ་	ནམ་མཁའ་	NOUN
རྣམས་	རྣམས་	DET
། །		PUNCT
དག་པ་	དག་པ་	VERB
བཞིན་	བཞིན་	NOUN
དུ་	ལ་	PART
དག་པ་	དག་པ་	VERB
ར་	ལ་	PART
འདོད་	འདོད་	VERB
། །		PUNCT
ཟ་བ་	ཟ་བ་	VERB
བཟའ་	བཟའ་	NOUN
དང་	དང་	NO_POS
དེ་	སྟེ་	PART
ཡི་	གི་	PART
ལུས་	ལུས་	NOUN
། །		PUNCT
གནས་	གནས་	NOUN
ཀྱི་	གི་	PART
གཞི་	གཞི་	NOUN
ཡི་	གི་	PART
སྟོང་པ་ཉིད་	སྟོང་པ་ཉིད་	NOUN
། །		PUNCT
དེ་ཡང་	དེ་ཡང་	ADV
གང་	གང་	NO_POS
གིས་	གིས་	PART
ཇི་ལྟ་		
མཐོང་	མཐོང་	VERB
། །		PUNCT
གང་	གང་	NO_POS
ཕྱི་	ཕྱི་	OTHER
དེ་ཡང་	དེ་ཡང་	ADV
སྟོང་པ་ཉིད་	སྟོང་པ་ཉིད་	NOUN
། །		PUNCT
དགེ་	དགེ་	NOUN
གཉིས་	གཉིས་	NUM
ཐོབ་པ་	ཐོབ་པ་	VERB
ར་	ལ་	PART
བྱ་བ་	བྱ་བ་	VERB
འི་	གི་	PART
ཕྱི་	ཕྱི་	OTHER
། །		PUNCT
རྟག་	རྟག་	VERB
ཏུ་	ལ་	PART
སེམས་ཅན་	སེམས་ཅན་	NOUN
ཕན་	ཕན་	NOUN
བྱ་	བྱ་	VERB
འི་	གི་	PART
ཕྱི་	ཕྱི་	OTHER
། །		PUNCT
འཁོར་བ་	འཁོར་བ་	NOUN
གཏང་བ་	གཏང་བ་	VERB
ར་	ལ་	PART
མི་	མི་	PART
བྱ་	བྱ་	VERB
འི་	གི་	PART
ཕྱི་	ཕྱི་	OTHER
། །		PUNCT
དགེ་བ་	དགེ་བ་	VERB
མི་ཟད་	མི་ཟད་	NO_POS
བྱ་བ་	བྱ་བ་	VERB
འི་	གི་	PART
ཕྱི་	ཕྱི་	OTHER
། །		PUNCT
རིགས་	རིགས་	NOUN
ཀྱང་	ཀྱང་	PART
རྣམ་པ་	རྣམ་པ་	NOUN
ར་	ལ་	PART
དག་	དག་	DET
བྱ་	བྱ་	VERB
འི་	གི་	PART
ཕྱི་	ཕྱི་	OTHER
། །		PUNCT
མཚན་	མཚན་	NOUN
དང་	དང་	NO_POS
དཔེ་བྱད་	དཔེ་བྱད་	NOUN
ཐོབ་	ཐོབ་	VERB
བྱ་	བྱ་	VERB
འི་	གི་	PART
ཕྱི་	ཕྱི་	OTHER
། །		PUNCT
སངས་རྒྱས་	སངས་རྒྱས་	NOUN
ཆོ་	ཆོ་	NOUN
རྣམས་	རྣམས་	DET
དག་	དག་	DET
བྱ་	བྱ་	VERB
འི་	གི་	PART
ཕྱི་	ཕྱི་	OTHER
། །		PUNCT
བྱང་ཆུབ་	བྱང་ཆུབ་	NOUN
སེམས་དཔའ་	སེམས་དཔའ་	NOUN
སྒྲུབ་པ་	སྒྲུབ་པ་	VERB
ར་	ལ་	PART
བྱེད་	བྱེད་	VERB
། །		PUNCT
གང་ཟག་	གང་ཟག་	NOUN
དང་	དང་	NO_POS
ནི་	ནི་	NO_POS
ཆོ་	ཆོ་	NOUN
རྣམས་	རྣམས་	DET
ཀྱི་	གི་	PART
། །		PUNCT
དངོས་པོ་	དངོས་པོ་	NOUN
མེད་	མེད་	VERB
འདི་	འདི་	DET
ར་	ལ་	PART
སྟོང་པ་ཉིད་	སྟོང་པ་ཉིད་	NOUN
། །		PUNCT
དེ་	སྟེ་	PART
དངོས་མེད་པ་	དངོས་མེད་པ་	NOUN
འི་	གི་	PART
དངོས་ཡོད་པ་	དངོས་ཡོད་པ་	OTHER
། །		PUNCT
དེ་	སྟེ་	PART
ནི་	ནི་	NO_POS
དེ་ལས་	དེ་ལས་	NO_POS
སྟོང་ཉིད་	སྟོང་ཉིད་	NOUN
གཞན་	གཞན་	DET
། །		PUNCT
གལ་ཏེ་	གལ་ཏེ་	NO_POS
ཉོན་མོངས་	ཉོན་མོངས་	NOUN
དེ་	སྟེ་	PART
མ་	མ་	PART
གྱུར་	གྱུར་	VERB
། །		PUNCT
ལུས་ཅན་	ལུས་ཅན་	NOUN
ཐམས་ཅད་	ཐམས་ཅད་	DET
གྲོལ་བ་	གྲོལ་བ་	VERB
ར་	ལ་	PART
གྱུར་	གྱུར་	VERB
། །		PUNCT
གལ་ཏེ་	གལ་ཏེ་	NO_POS
རྣམ་དག་	རྣམ་དག་	ADJ
དེ་	སྟེ་	PART
མ་	མ་	PART
གྱུར་	གྱུར་	VERB
། །		PUNCT
འབད་པ་	འབད་པ་	VERB
འབྲས་བུ་	འབྲས་བུ་	NOUN
མེད་པ་	མེད་པ་	VERB
ར་	ལ་	PART
འགྱུར་	འགྱུར་	VERB
། །		PUNCT
ཉོན་མོངས་	ཉོན་མོངས་	NOUN
མ་	མ་	PART
ཡིན་	ཡིན་	NO_POS
མི་	མི་	PART
རྨོངས་	རྨོངས་	VERB
མིན་	མིན་	AUX
། །		PUNCT
དེ་	སྟེ་	PART
ནི་	ནི་	NO_POS
དག་	དག་	DET
དང་	དང་	NO_POS
མ་	མ་	PART
དག་	དག་	DET
མིན་	མིན་	AUX
། །		PUNCT
བསྟན་བཅོས་	བསྟན་བཅོས་	NOUN
དབུ་	དབུ་	NOUN
དང་	དང་	NO_POS
མཐའ་	མཐའ་	NOUN
རྣམ་པ་	རྣམ་པ་	NOUN
ར་	ལ་	PART
འབྱེད་པ་	འབྱེད་པ་	VERB
ལ་	ལ་	ADP
ས་	གིས་	PART
།		PUNCT
མཚན་ཉིད་	མཚན་ཉིད་	NOUN
ཀྱི་	གི་	PART
ལེའུ་	ལེའུ་	NOUN
ར་	ལ་	PART
བཅད་པ་	བཅད་པ་	VERB
ཞེ་	ཅེས་	PART
བྱ་བ་	བྱ་བ་	VERB
སྟེ་	སྟེ་	PART
དང་པོ་	དང་པོ་	ADJ
འོ་	གོ་	PART
།། ༈ །།		PUNCT
ཁྱབ་	ཁྱབ་	VERB
དང་	དང་	NO_POS
ཉི་ཚེ་	ཉི་ཚེ་	NO_POS
ལྷག་པ་	ལྷག་པ་	VERB
དང་	དང་	NO_POS
། །		PUNCT
མཉམ་	མཉམ་	VERB
དང་ལེན་	དང་ལེན་	NO_POS
དང་	དང་	NO_POS
སྤོང་བ་	སྤོང་བ་	VERB
ནི་	ནི་	NO_POS
། །		PUNCT
གཉིས་	གཉིས་	NUM
ཀྱི་	གི་	PART
སྒྲིབ་པ་	སྒྲིབ་པ་	VERB
ར་	ལ་	PART
བསྟན་པ་	བསྟན་པ་	VERB
ཡིན་	ཡིན་	NO_POS
། །		PUNCT
ཉོན་མོངས་	ཉོན་མོངས་	NOUN
མཚན་ཉིད་	མཚན་ཉིད་	NOUN
རྣམ་	རྣམ་	NOUN
དགུ་	དགུ་	NUM
འོ་	གོ་	PART
། །		PUNCT
ཀུན་	ཀུན་	DET
ཏུ་	ལ་	PART
སྦྱོར་	སྦྱོར་	VERB
རྣམས་	རྣམས་	DET
སྒྲིབ་པ་	སྒྲིབ་པ་	VERB
ཡིན་	ཡིན་	NO_POS
། །		PUNCT
སྐྱོ་བ་	སྐྱོ་བ་	VERB
དང་	དང་	NO_POS
ནི་	ནི་	NO_POS
བཏང་སྙོམས་	བཏང་སྙོམས་	NOUN
དང་	དང་	NO_POS
། །		PUNCT
དེ་	སྟེ་	PART
ཁོ་ན་	ཁོ་ན་	DET
ནི་	ནི་	NO_POS
མཐོང་བ་	མཐོང་བ་	VERB
དང་	དང་	NO_POS
། །		PUNCT
འཇིག་	འཇིག་	VERB
༼		PUNCT
		
༽		PUNCT
ཚོགས་	ཚོགས་	NOUN
ལྟ་	ལྟ་	NOUN
དང་	དང་	NO_POS
དེ་	དེ་	DET
འི་	གི་	PART
གཞི་	གཞི་	NOUN
དང་	དང་	NO_POS
། །		PUNCT
འགོག་	འགོག་	NO_POS
དང་	དང་	NO_POS
ལམ་	གམ་	PART
དང་	དང་	NO_POS
དཀོན་མཆོག་	དཀོན་མཆོག་	NOUN
དང་	དང་	NO_POS
། །		PUNCT
རྙེད་པ་	རྙེད་པ་	VERB
དང་	དང་	NO_POS
ནི་	ནི་	NO_POS
བཀུར་སྟི་	བཀུར་སྟི་	NOUN
དང་	དང་	NO_POS
། །		PUNCT
ཡོ་བྱད་	ཡོ་བྱད་	NOUN
བསྙུངས་པ་	བསྙུངས་པ་	VERB
ཡོངས་ཤེས་	ཡོངས་ཤེས་	NO_POS
ལ་	ལ་	PART
། །		PUNCT
དགེ་	དགེ་	NOUN
ལ་སོགས་པ་	ལ་སོགས་པ་	NO_POS
བཅུ་	བཅུ་	NUM
ལ་	ལ་	PART
གཞན་	གཞན་	DET
། །		PUNCT
སྦྱོར་བ་	སྦྱོར་བ་	VERB
མེད་	མེད་	VERB
དང་	དང་	NO_POS
སྐྱེ་མཆེད་	སྐྱེ་མཆེད་	NOUN
མིན་	མིན་	AUX
། །		PUNCT
རྣལ་འབྱོར་	རྣལ་འབྱོར་	NOUN
མིན་པ་	མིན་པ་	VERB
ས་	གིས་	PART
གང་	གང་	NO_POS
བསྐྱེད་	བསྐྱེད་	VERB
དང་	དང་	NO_POS
། །		PUNCT
སྐྱེ་བ་	སྐྱེ་བ་	VERB
མེད་	མེད་	VERB
དང་	དང་	NO_POS
ཡིད་	ཡིད་	NOUN
མི་	མི་	PART
བྱེད་	བྱེད་	VERB
། །		PUNCT
ཚོགས་	ཚོགས་	NOUN
ནི་	ནི་	NO_POS
རབ་ཏུ་	རབ་ཏུ་	NO_POS
མ་	མ་	PART
རྫོགས་	རྫོགས་	VERB
དང་	དང་	NO_POS
།		PUNCT
རིགས་	རིགས་	NOUN
དང་	དང་	NO_POS
བཤེས་གཉེན་	བཤེས་གཉེན་	NOUN
མི་	མི་	PART
ལྡན་	ལྡན་	VERB
དང་	དང་	NO_POS
། །		PUNCT
སེམས་	སེམས་	NOUN
ནི་	ནི་	NO_POS
ཡོངས་སུ་	ཡོངས་སུ་	NO_POS
སྐྱོ་བ་	སྐྱོ་བ་	VERB
དང་	དང་	NO_POS
། །		PUNCT
སྒྲུབ་པ་	སྒྲུབ་པ་	VERB
དང་	དང་	NO_POS
ཡང་	ཀྱང་	PART
མི་	མི་	PART
ལྡན་	ལྡན་	VERB
དང་	དང་	NO_POS
། །		PUNCT
སྐྱེ་བོ་	སྐྱེ་བོ་	NOUN
ངན་	ངན་	VERB
སྡང་	སྡང་	NO_POS
འགྲོགས་པ་	འགྲོགས་པ་	NO_POS
དང་	དང་	NO_POS
། །		PUNCT
རང་	རང་	PRON
གི་	གི་	PART
གནས་	གནས་	NOUN
ངན་	ངན་	VERB
ལེན་	ལེན་	VERB
གསུམ་	གསུམ་	NUM
ལ་	ལ་	ADP
ས་	གིས་	PART
། །		PUNCT
ལྷག་མ་	ལྷག་མ་	NOUN
ཤེས་རབ་	ཤེས་རབ་	NOUN
མ་	མ་	PART
སྨིན་	སྨིན་	VERB
དང་	དང་	NO_POS
། །		PUNCT
རང་བཞིན་	རང་བཞིན་	NOUN
གྱིས་	གིས་	PART
ནི་	ནི་	NO_POS
གནས་	གནས་	NOUN
ངན་	ངན་	VERB
ལེན་	ལེན་	VERB
། །		PUNCT
ལེ་ལོ་	ལེ་ལོ་	NOUN
དང་	དང་	NO_POS
ཡང་	ཀྱང་	PART
བག་མེད་	བག་མེད་	NOUN
དང་	དང་	NO_POS
། །		PUNCT
སྲིད་	སྲིད་	NOUN
དང་	དང་	NO_POS
ལོངས་སྤྱོད་	ལོངས་སྤྱོད་	NOUN
ཆགས་པ་	ཆགས་པ་	VERB
དང་	དང་	NO_POS
། །		PUNCT
སེམས་	སེམས་	NOUN
ནི་	ནི་	NO_POS
ཞུམ་པ་	ཞུམ་པ་	VERB
ར་	ལ་	PART
གྱུར་པ་	གྱུར་པ་	VERB
དང་	དང་	NO_POS
། །		PUNCT
མ་དད་པ་	མ་དད་པ་	NO_POS
དང་	དང་	NO_POS
མ་མོ་	མ་མོ་	NOUN
ས་	གིས་	PART
དང་	དང་	NO_POS
། །		PUNCT
སྒྲ་	སྒྲ་	NOUN
བཞིན་	བཞིན་	NOUN
དུ་	ལ་	PART
ནི་	ནི་	NO_POS
སྤྱོད་པ་	སྤྱོད་པ་	VERB
དང་	དང་	NO_POS
། །		PUNCT
དམ་ཆོས་	དམ་ཆོས་	NOUN
ཆེད་	ཆེད་	NOUN
ཆེ་	ཆེ་	VERB
ར་	ལ་	PART
མི་	མི་	PART
འཛིན་	འཛིན་	VERB
དང་	དང་	NO_POS
། །		PUNCT
རྙེད་	རྙེད་	VERB
ལ་	ལ་	PART
གདུ་	གདུ་	NO_POS
དང་	དང་	NO_POS
སྙིང་རྗེ་	སྙིང་རྗེ་	NOUN
མེད་	མེད་	VERB
། །		PUNCT
ཐོས་པ་	ཐོས་པ་	VERB
ས་	གིས་	PART
ཕོངས་	ཕོངས་	NO_POS
དང་	དང་	NO_POS
ཉུང་བ་	ཉུང་བ་	VERB
དང་	དང་	NO_POS
། །		PUNCT
ཏིང་འཛིན་	ཏིང་འཛིན་	NOUN
སྦྱངས་པ་	སྦྱངས་པ་	VERB
མ་	མ་	PART
བྱས་པ་	བྱས་པ་	VERB
འོ་	གོ་	PART
། །		PUNCT
དགེ་	དགེ་	NOUN
དང་	དང་	NO_POS
བྱང་ཆུབ་	བྱང་ཆུབ་	NOUN
ཡང་དག་	ཡང་དག་	ADJ
འཛིན་	འཛིན་	VERB
། །		PUNCT
བློ་ལྡན་	བློ་ལྡན་	NOUN
འཁྲུལ་	འཁྲུལ་	NO_POS
མེད་	མེད་	VERB
སྒྲིབ་པ་	སྒྲིབ་པ་	VERB
མེད་	མེད་	VERB
། །		PUNCT
བསྔོ་	བསྔོ་	VERB
དང་	དང་	NO_POS
མི་	མི་	PART
སྐྲག་	སྐྲག་	VERB
སེར་སྣ་	སེར་སྣ་	NOUN
མེད་	མེད་	VERB
། །		PUNCT
དབང་	དབང་	NOUN
ནི་	ནི་	NO_POS
དགེ་	དགེ་	NOUN
ལ་སོགས་པ་	ལ་སོགས་པ་	NO_POS
འོ་	གོ་	PART
། །		PUNCT
དེ་དག་	དེ་དག་	OTHER
གི་	གི་	PART
ནི་	ནི་	NO_POS
སྒྲིབ་པ་	སྒྲིབ་པ་	VERB
རྣམས་	རྣམས་	DET
། །		PUNCT
གསུམ་	གསུམ་	NUM
གསུམ་	གསུམ་	NUM
དག་	དག་	DET
ཏུ་	ལ་	PART
ཤེས་པ་	ཤེས་པ་	VERB
ར་	ལ་	PART
བྱ་	བྱ་	VERB
། །		PUNCT
བྱེད་རྒྱུ་	བྱེད་རྒྱུ་	VERB
བཅུ་	བཅུ་	NUM
ནི་	ནི་	NO_POS
སྐྱེ་བ་	སྐྱེ་བ་	VERB
དང་	དང་	NO_POS
། །		PUNCT
གནས་པ་	གནས་པ་	VERB
རྟེན་	རྟེན་	NOUN
དང་	དང་	NO_POS
བསྟན་	བསྟན་	VERB
བྱ་	བྱ་	VERB
དང་	དང་	NO_POS
། །		PUNCT
འགྱུར་	འགྱུར་	VERB
དང་	དང་	NO_POS
འབྲལ་	འབྲལ་	NO_POS
དང་	དང་	NO_POS
གཞན་	གཞན་	DET
དུ་	ལ་	PART
དང་	དང་	NO_POS
། །		PUNCT
ཡིད་ཆེས་	ཡིད་ཆེས་	NOUN
གོ་	གོ་	PART
འབྱེད་	འབྱེད་	VERB
འཐོབ་	འཐོབ་	VERB
རྣམས་	རྣམས་	DET
ལ་	ལ་	PART
། །		PUNCT
མིག་	མིག་	NOUN
དང་	དང་	NO_POS
ཟ་	ཟ་	NOUN
ས་	ས་	ADP
མར་མེ་	མར་མེ་	NOUN
དང་	དང་	NO_POS
། །		PUNCT
མེ་	མེ་	NOUN
ལ་སོགས་པ་	ལ་སོགས་པ་	NO_POS
དེ་	སྟེ་	PART
ཡི་	གི་	PART
དཔེ་	དཔེ་	NOUN
། །		PUNCT
ཟོར་བ་	ཟོར་བ་	NO_POS
བཟོ་ཤེས་	བཟོ་ཤེས་	NO_POS
དུ་བ་	དུ་བ་	NOUN
དང་	དང་	NO_POS
། །		PUNCT
རྒྱུ་	རྒྱུ་	NOUN
དང་	དང་	NO_POS
ལམ་	གམ་	PART
ལ་སོགས་པ་	ལ་སོགས་པ་	NO_POS
གཞན་	གཞན་	DET
། །		PUNCT
ཕྱོགས་	ཕྱོགས་	NOUN
དང་	དང་	NO_POS
ཕ་རོལ་	ཕ་རོལ་	NOUN
ཕྱིན་	ཕྱིན་	VERB
ས་	ས་	ADP
ལ་	ལ་	PART
། །		PUNCT
སྒྲིབ་པ་	སྒྲིབ་པ་	VERB
དག་	དག་	DET
ནི་	ནི་	NO_POS
གཞན་	གཞན་	DET
ཡིན་	ཡིན་	NO_POS
ནོ་	གོ་	PART
། །		PUNCT
གཞི་	གཞི་	NOUN
ལ་	ལ་	PART
མི་	མི་	PART
མཁའ་	མཁའ་	VERB
ལེ་ལོ་	ལེ་ལོ་	NOUN
དང་	དང་	NO_POS
། །		PUNCT
གཉིས་	གཉིས་	NUM
ཀྱིས་	གིས་	PART
ཏིང་འཛིན་	ཏིང་འཛིན་	NOUN
ཉམས་པ་	ཉམས་པ་	VERB
དང་	དང་	NO_POS
། །		PUNCT
མི་	མི་	PART
སྐྱེད་པ་	སྐྱེད་པ་	VERB
དང་	དང་	NO_POS
ཉམ་ཆུང་	ཉམ་ཆུང་	ADJ
དང་	དང་	NO_POS
། །		PUNCT
ལྟ་	ལྟ་	NOUN
དང་	དང་	NO_POS
གནས་	གནས་	NOUN
ཅན་	ཅན་	PART
ལེན་	ལེན་	VERB
སྐྱོན་	སྐྱོན་	NOUN
ཆགས་	ཆགས་	VERB
། །		PUNCT
ཕྱུག་པོ་	ཕྱུག་པོ་	ADJ
དང་	དང་	NO_POS
ནི་	ནི་	NO_POS
བདེ་འགྲོ་	བདེ་འགྲོ་	NOUN
དང་	དང་	NO_POS
། །		PUNCT
སེམས་ཅན་	སེམས་ཅན་	NOUN
མི་	མི་	PART
གཏོང་	གཏོང་	VERB
སྒྲིབ་པ་	སྒྲིབ་པ་	VERB
དང་	དང་	NO_POS
། །		PUNCT
ཉེས་པ་	ཉེས་པ་	VERB
དག་	དག་	DET
དང་	དང་	NO_POS
ཡོན་ཏན་	ཡོན་ཏན་	NOUN
རྣམས་	རྣམས་	DET
། །		PUNCT
འབྲི་	འབྲི་	VERB
དང་	དང་	NO_POS
འཕེལ་	འཕེལ་	VERB
དང་	དང་	NO_POS
འཛུད་པ་	འཛུད་པ་	VERB
དང་	དང་	NO_POS
། །		PUNCT
གྲོལ་བ་	གྲོལ་བ་	VERB
ར་	ལ་	PART
བྱེད་	བྱེད་	VERB
དང་	དང་	NO_POS
མི་ཟད་	མི་ཟད་	NO_POS
དང་	དང་	NO_POS
། །		PUNCT
དགེ་བ་	དགེ་བ་	VERB
རྒྱུན་	རྒྱུན་	NOUN
མི་འཆད་པ་	མི་འཆད་པ་	NO_POS
དང་	དང་	NO_POS
། །		PUNCT
ངེས་པ་		
བྱེད་	བྱེད་	VERB
དང་	དང་	NO_POS
ཆོ་	ཆོ་	NOUN
རྣམས་	རྣམས་	DET
ལ་	ལ་	PART
། །		PUNCT
ལོངས་པ་	ལོངས་པ་	VERB
ར་	ལ་	PART
སྤྱོད་	སྤྱོད་	VERB
དང་	དང་	NO_POS
ཡོངས་	ཡོངས་	DET
སྨིན་	སྨིན་	VERB
༼		PUNCT
		
༽		PUNCT
བྱེད་	བྱེད་	VERB
། །		PUNCT
ཀུན་	ཀུན་	DET
ཏུ་	ལ་	PART
འགྲོ་དོན་	འགྲོ་དོན་	NOUN
མཆོག་	མཆོག་	ADJ
གི་	གི་	PART
དོན་	དོན་	NOUN
། །		PUNCT
རྒྱུ་	རྒྱུ་	NOUN
མཐུན་	མཐུན་	VERB
དོན་	དོན་	NOUN
གྱི་	གི་	PART
མཆོག་ཉིད་	མཆོག་ཉིད་	NOUN
དང་	དང་	NO_POS
། །		PUNCT
ཡོངས་སུ་	ཡོངས་སུ་	NO_POS
འཛིན་པ་	འཛིན་པ་	VERB
མེད་	མེད་	VERB
དོན་	དོན་	NOUN
དང་	དང་	NO_POS
། །		PUNCT
རྒྱུད་	རྒྱུད་	NOUN
རྣམས་	རྣམས་	DET
ཐ་དད་	ཐ་དད་	ADJ
མེད་	མེད་	VERB
དོན་	དོན་	NOUN
དང་	དང་	NO_POS
། །		PUNCT
ཉོན་མོངས་	ཉོན་མོངས་	NOUN
རྣམ་དག་	རྣམ་དག་	ADJ
མིན་	མིན་	AUX
དོན་	དོན་	NOUN
དང་	དང་	NO_POS
། །		PUNCT
ཐ་དད་	ཐ་དད་	ADJ
མེད་པ་	མེད་པ་	VERB
འི་	གི་	PART
དོན་	དོན་	NOUN
ཉིད་	ཉིད་	DET
དང་	དང་	NO_POS
། །		PUNCT
བྲི་	བྲི་	NO_POS
མེད་	མེད་	VERB
འཕེལ་བ་	འཕེལ་བ་	VERB
མེད་	མེད་	VERB
དོན་	དོན་	NOUN
དང་	དང་	NO_POS
། །		PUNCT
དབང་	དབང་	NOUN
ནི་	ནི་	NO_POS
རྣམ་པ་	རྣམ་པ་	NOUN
བཞི་	བཞི་	NUM
ཡི་	གི་	PART
གནས་	གནས་	NOUN
། །		PUNCT
ཆོ་	ཆོ་	NOUN
ཀྱི་	གི་	PART
དབྱིངས་	དབྱིངས་	NOUN
ལ་མ་	ལ་མ་	NO_POS
རིག་པ་	རིག་པ་	VERB
། །		PUNCT
ཉོན་མོངས་	ཉོན་མོངས་	NOUN
ཅན་	ཅན་	PART
མིན་	མིན་	AUX
སྒྲིབ་པ་	སྒྲིབ་པ་	VERB
བཅུ་	བཅུ་	NUM
། །		PUNCT
ས་བཅུ་	ས་བཅུ་	NO_POS
འི་	གི་	PART
མི་	མི་	PART
མཐུན་	མཐུན་	VERB
ཕྱོགས་	ཕྱོགས་	NOUN
རྣམས་	རྣམས་	DET
ཀྱི་	གི་	PART
། །		PUNCT
གཉེན་པོ་	གཉེན་པོ་	NOUN
དག་	དག་	DET
ནི་	ནི་	NO_POS
ས་	ས་	ADP
ཡིན་	ཡིན་	NO_POS
ནོ་	གོ་	PART
། །		PUNCT
ཉོན་མོངས་པ་	ཉོན་མོངས་པ་	NOUN
ཡི་	གི་	PART
སྒྲིབ་པ་	སྒྲིབ་པ་	VERB
དང་	དང་	NO_POS
། །		PUNCT
ཤེས་བྱ་	ཤེས་བྱ་	VERB
འི་	གི་	PART
སྒྲིབ་པ་	སྒྲིབ་པ་	VERB
ཉིད་	ཉིད་	DET
དུ་	ལ་	PART
བསྟན་	བསྟན་	VERB
། །		PUNCT
དེ་	དེ་	DET
ར་	ལ་	PART
ནི་	ནི་	NO_POS
སྒྲིབ་པ་	སྒྲིབ་པ་	VERB
ཐམས་ཅད་	ཐམས་ཅད་	DET
དེ་	སྟེ་	PART
། །		PUNCT
དེ་	སྟེ་	PART
ཟད་	ཟད་	VERB
ན་	ནས་	PART
ནི་	ནི་	NO_POS
གྲོལ་བ་	གྲོལ་བ་	VERB
ར་	ལ་	PART
འདོད་	འདོད་	VERB
། །		PUNCT
བསྟན་བཅོས་	བསྟན་བཅོས་	NOUN
དབུ་	དབུ་	NOUN
དང་	དང་	NO_POS
མཐའ་	མཐའ་	NOUN
རྣམ་པ་	རྣམ་པ་	NOUN
ར་	ལ་	PART
འབྱེད་པ་	འབྱེད་པ་	VERB
ལ་	ལ་	ADP
ས་	གིས་	PART
།		PUNCT
སྒྲིབ་པ་	སྒྲིབ་པ་	VERB
འི་	གི་	PART
ལེའུ་	ལེའུ་	NOUN
ར་	ལ་	PART
བཅད་པ་	བཅད་པ་	VERB
ཞེ་	ཅེས་	PART
བྱ་བ་	བྱ་བ་	VERB
སྟེ་	སྟེ་	PART
གཉིས་པ་	གཉིས་པ་	NUM
འོ་	གོ་	PART
།། ༈ །།		PUNCT
རྩ་བ་	རྩ་བ་	NOUN
མཚན་ཉིད་	མཚན་ཉིད་	NOUN
དེ་	སྟེ་	PART
ཁོ་ན་	ཁོ་ན་	DET
། །		PUNCT
ཕྱིན་	ཕྱིན་	VERB
ཅི་	ཅི་	NO_POS
མ་	མ་	PART
ལོག་	ལོག་	VERB
མཚན་ཉིད་	མཚན་ཉིད་	NOUN
དང་	དང་	NO_POS
། །		PUNCT
འབྲས་བུ་	འབྲས་བུ་	NOUN
རྒྱུ་	རྒྱུ་	NOUN
ཡི་	གི་	PART
དེ་	སྟེ་	PART
ཁོ་ན་	ཁོ་ན་	DET
། །		PUNCT
རགས་པ་	རགས་པ་	VERB
དང་	དང་	NO_POS
ནི་	ནི་	NO_POS
ཕྲ་བ་	ཕྲ་བ་	VERB
དང་	དང་	NO_POS
། །		PUNCT
གྲག་	གྲག་	VERB
དང་	དང་	NO_POS
རྣམ་པ་	རྣམ་པ་	NOUN
ར་	ལ་	PART
དག་	དག་	DET
ཡུལ་	ཡུལ་	NOUN
དང་	དང་	NO_POS
། །		PUNCT
བསྡུ་	བསྡུ་	VERB
དང་	དང་	NO_POS
དབྱེ་བ་	དབྱེ་བ་	VERB
འི་	གི་	PART
མཚན་ཉིད་	མཚན་ཉིད་	NOUN
དང་	དང་	NO_POS
། །		PUNCT
མཁའ་	མཁའ་	VERB
དེ་	སྟེ་	PART
ཁོ་ན་	ཁོ་ན་	DET
རྣམ་	རྣམ་	NOUN
བཅུ་	བཅུ་	NUM
ནི་	ནི་	NO_POS
། །		PUNCT
བདག་	བདག་	PRON
ཏུ་	ལ་	PART
ལྟ་བ་	ལྟ་བ་	VERB
འི་	གི་	PART
གཉེན་པོ་	གཉེན་པོ་	NOUN
འོ་	གོ་	PART
། །		PUNCT
ངོ་བོ་	ངོ་བོ་	NOUN
ཉིད་	ཉིད་	DET
གསུམ་	གསུམ་	NUM
རྟག་	རྟག་	VERB
མེད་	མེད་	VERB
དང་	དང་	NO_POS
། །		PUNCT
ཡོད་	ཡོད་	VERB
ཀྱང་	ཀྱང་	PART
ཁོ་ན་	ཁོ་ན་	DET
མ་	མ་	PART
ཡིན་	ཡིན་	NO_POS
དང་	དང་	NO_POS
། །		PUNCT
ཡོད་	ཡོད་	VERB
དང་	དང་	NO_POS
མེད་	མེད་	VERB
དེ་	སྟེ་	PART
ཁོ་ན་	ཁོ་ན་	DET
སྟེ་	སྟེ་	PART
། །		PUNCT
ངོ་བོ་	ངོ་བོ་	NOUN
ཉིད་	ཉིད་	DET
ནི་	ནི་	NO_POS
གསུམ་	གསུམ་	NUM
དུ་	ལ་	PART
འདོད་	འདོད་	VERB
། །		PUNCT
འདི་	འདི་	DET
ལ་	ལ་	PART
ཆོ་	ཆོ་	NOUN
དང་	དང་	NO_POS
གང་ཟག་	གང་ཟག་	NOUN
དང་	དང་	NO_POS
། །		PUNCT
གཟུང་བ་	གཟུང་བ་	VERB
དག་	དག་	DET
དང་	དང་	NO_POS
འཛིན་པ་	འཛིན་པ་	VERB
དང་	དང་	NO_POS
། །		PUNCT
ཡོད་	ཡོད་	VERB
དང་	དང་	NO_POS
མེད་པ་	མེད་པ་	VERB
ར་	ལ་	PART
སྒྲོ་འདོགས་	སྒྲོ་འདོགས་	NOUN
དང་	དང་	NO_POS
། །		PUNCT
སྐུར་་	སྐུར་པ་	NOUN
འདེབས་པ་	འདེབས་པ་	VERB
ར་	ལ་	PART
ལྟ་བ་	ལྟ་བ་	VERB
དག་	དག་	DET
།		PUNCT
གང་	གང་	NO_POS
ཤེ་	ཤེ་	VERB
ན་	ནས་	PART
ནི་	ནི་	NO_POS
མི་	མི་	PART
འབྱུང་བ་	འབྱུང་བ་	VERB
། །		PUNCT
དེ་དེ་	དེ་དེ་	NO_POS
ཁོ་ན་	ཁོ་ན་	DET
འི་	གི་	PART
མཚན་ཉིད་	མཚན་ཉིད་	NOUN
དོ་	གོ་	PART
། །		PUNCT
མི་རྟག་	མི་རྟག་	OTHER
དོན་	དོན་	NOUN
ནི་	ནི་	NO_POS
མེད་	མེད་	VERB
དོན་	དོན་	NOUN
དང་	དང་	NO_POS
། །		PUNCT
སྐྱེ་	སྐྱེ་	NOUN
ཞིང་	ཅིང་	PART
འཇིག་པ་	འཇིག་པ་	VERB
འི་	གི་	PART
མཚན་ཉིད་	མཚན་ཉིད་	NOUN
དང་	དང་	NO_POS
། །		PUNCT
དྲི་	དྲི་	NOUN
བཅའ་	བཅའ་	VERB
དྲི་མ་	དྲི་མ་	NOUN
མེད་	མེད་	VERB
དོན་	དོན་	NOUN
ཏེ་	སྟེ་	PART
། །		PUNCT
རྩ་བ་	རྩ་བ་	NOUN
འི་	གི་	PART
ཁོ་ན་	ཁོ་ན་	DET
ར་	ལ་	PART
གོ་རིམ་	གོ་རིམ་	NOUN
བཞིན་	བཞིན་	NOUN
། །		PUNCT
སྡུག་བསྔལ་	སྡུག་བསྔལ་	NOUN
ལེན་	ལེན་	VERB
དང་	དང་	NO_POS
མཚན་ཉིད་	མཚན་ཉིད་	NOUN
དང་	དང་	NO_POS
། །		PUNCT
འབྲེལ་པ་	འབྲེལ་པ་	VERB
གཞན་	གཞན་	DET
དུ་	ལ་	PART
འདོད་པ་	འདོད་པ་	VERB
ཡིན་	ཡིན་	NO_POS
། །		PUNCT
དངོས་མེད་	དངོས་མེད་	NOUN
དེ་	སྟེ་	PART
དངོ་	དངོ་	NOUN
མ་	མ་	PART
ཡིན་	ཡིན་	NO_POS
དང་	དང་	NO_POS
། །		PUNCT
རང་བཞིན་	རང་བཞིན་	NOUN
གྱིས་	གིས་	PART
ནི་	ནི་	NO_POS
སྟོང་པ་	སྟོང་པ་	VERB
ར་	ལ་	PART
འདོད་	འདོད་	VERB
། །		PUNCT
མཚན་ཉིད་	མཚན་ཉིད་	NOUN
མེད་པ་	མེད་པ་	VERB
ས་	གིས་	PART
བདག་མེད་	བདག་མེད་	ADJ
དང་	དང་	NO_POS
། །		PUNCT
དེ་	སྟེ་	PART
དང་	དང་	NO_POS
མི་	མི་	PART
མཐུན་	མཐུན་	VERB
མཚན་ཉིད་	མཚན་ཉིད་	NOUN
དང་	དང་	NO_POS
། །		PUNCT
རང་	རང་	PRON
གི་	གི་	PART
མཚན་ཉིད་	མཚན་ཉིད་	NOUN
བསྟན་པ་	བསྟན་པ་	VERB
ཡིན་	ཡིན་	NO_POS
། །		PUNCT
དེ་ཕྱིར་	དེ་ཕྱིར་	NO_POS
སྡུག་བསྔལ་	སྡུག་བསྔལ་	NOUN
བདེན་པ་	བདེན་པ་	VERB
ར་	ལ་	PART
འདོད་	འདོད་	VERB
། །		PUNCT
བག་ཆགས་	བག་ཆགས་	NOUN
དང་	དང་	NO_POS
ནི་	ནི་	NO_POS
ཀུན་	ཀུན་	DET
ན་	ནས་	PART
འབྱུང་	འབྱུང་	VERB
། །		PUNCT
མ་	མ་	PART
བྲལ་བ་	བྲལ་བ་	VERB
ཡང་	ཀྱང་	PART
དེ་བཞིན་	དེ་བཞིན་	OTHER
ནོ་	གོ་	PART
། །		PUNCT
ངོ་བོ་	ངོ་བོ་	NOUN
ཉིད་	ཉིད་	DET
དང་	དང་	NO_POS
གཉིས་	གཉིས་	NUM
མི་	མི་	PART
སྐྱེ་	སྐྱེ་	NOUN
། །		PUNCT
དྲི་	དྲི་	NOUN
༼		PUNCT
		
༽		PUNCT
མ་	མ་	PART
ཞི་བ་	ཞི་བ་	VERB
གཉིས་	གཉིས་	NUM
སུ་	ལ་	PART
འདོད་	འདོད་	VERB
། །		PUNCT
ཡོངས་སུ་	ཡོངས་སུ་	NO_POS
ཤེ་	ཤེ་	VERB
དང་	དང་	NO_POS
སྤང་བ་	སྤང་བ་	VERB
དང་	དང་	NO_POS
། །		PUNCT
ཐོབ་པ་	ཐོབ་པ་	VERB
ར་	ལ་	PART
མངོན་སུམ་	མངོན་སུམ་	NOUN
བྱ་བ་	བྱ་བ་	VERB
ས་	གིས་	PART
ནི་	ནི་	NO_POS
། །		PUNCT
ལམ་	གམ་	PART
གྱི་	གི་	PART
བདེན་པ་	བདེན་པ་	VERB
ཡང་དག་	ཡང་དག་	ADJ
བཤད་	བཤད་	VERB
། །		PUNCT
བཏགས་པ་	བཏགས་པ་	VERB
དང་	དང་	NO_POS
ནི་	ནི་	NO_POS
ཤེས་པ་	ཤེས་པ་	VERB
དང་	དང་	NO_POS
། །		PUNCT
དེ་བཞིན་	དེ་བཞིན་	OTHER
བརྗོད་པ་	བརྗོད་པ་	VERB
རགས་པ་	རགས་པ་	VERB
ཡིན་	ཡིན་	NO_POS
། །		PUNCT
དམ་པ་	དམ་པ་	VERB
འི་	གི་	PART
དོན་	དོན་	NOUN
ནི་	ནི་	NO_POS
གཅིག་པུ་	གཅིག་པུ་	ADJ
འོ་	གོ་	PART
། །		PUNCT
དོན་	དོན་	NOUN
དང་	དང་	NO_POS
ཐོབ་	ཐོབ་	VERB
དང་	དང་	NO_POS
སྒྲུབ་པ་	སྒྲུབ་པ་	VERB
ནི་	ནི་	NO_POS
། །		PUNCT
དོན་དམ་	དོན་དམ་	NOUN
རྣམ་པ་	རྣམ་པ་	NOUN
གསུམ་	གསུམ་	NUM
དུ་	ལ་	PART
འདོད་	འདོད་	VERB
། །		PUNCT
འགྱུར་མེད་	འགྱུར་མེད་	NOUN
ཕྱིན་	ཕྱིན་	VERB
ཅི་	ཅི་	NO_POS
མ་	མ་	PART
ལོག་པ་	ལོག་པ་	VERB
། །		PUNCT
ཡོངས་སུ་	ཡོངས་སུ་	NO_POS
གྲུབ་པ་	གྲུབ་པ་	VERB
རྣམ་པ་	རྣམ་པ་	NOUN
གཉིས་	གཉིས་	NUM
། །		PUNCT
གཅིག་	གཅིག་	NUM
གིས་	གིས་	PART
འཇིག་རྟེན་	འཇིག་རྟེན་	NOUN
གྲགས་པ་	གྲགས་པ་	VERB
སྟེ་	སྟེ་	PART
། །		PUNCT
གསུམ་	གསུམ་	NUM
གྱིས་	གིས་	PART
རིགས་པ་	རིགས་པ་	VERB
འི་	གི་	PART
གྲགས་པ་	གྲགས་པ་	VERB
འོ་	གོ་	PART
། །		PUNCT
རྣམ་དག་	རྣམ་དག་	ADJ
སྤྱོད་ཡུལ་	སྤྱོད་ཡུལ་	NOUN
རྣམ་	རྣམ་	NOUN
གཉིས་	གཉིས་	NUM
ཏེ་	སྟེ་	PART
། །		PUNCT
གཅིག་པུ་	གཅིག་པུ་	ADJ
ཁོ་ན་	ཁོ་ན་	DET
ར་	ལ་	PART
བརྗོད་པ་	བརྗོད་པ་	VERB
ཡིན་	ཡིན་	NO_POS
། །		PUNCT
རྒྱུ་	རྒྱུ་	NOUN
དང་	དང་	NO_POS
རྣམ་པ་	རྣམ་པ་	NOUN
ར་	ལ་	PART
རྟོག་པ་	རྟོག་པ་	VERB
དང་	དང་	NO_POS
། །		PUNCT
མིང་	མིང་	NOUN
ནི་	ནི་	NO_POS
རྣམ་པ་	རྣམ་པ་	NOUN
གཉིས་	གཉིས་	NUM
སུ་	ལ་	PART
བསྡུ་	བསྡུ་	VERB
། །		PUNCT
ཡང་དག་	ཡང་དག་	ADJ
ཡེ་ཤེས་	ཡེ་ཤེས་	NOUN
རབ་	རབ་	ADV
ཁོ་ན་	ཁོ་ན་	DET
། །		PUNCT
གཅིག་པུ་	གཅིག་པུ་	ADJ
ཁོ་ན་	ཁོ་ན་	DET
ས་	གིས་	PART
བསྡུས་པ་	བསྡུས་པ་	VERB
ཡིན་	ཡིན་	NO_POS
། །		PUNCT
འཇུག་	འཇུག་	VERB
དེ་	སྟེ་	PART
ཁོ་ན་	ཁོ་ན་	DET
རྣམ་པ་	རྣམ་པ་	NOUN
གཉིས་	གཉིས་	NUM
། །		PUNCT
གནས་པ་	གནས་པ་	VERB
དང་	དང་	NO_POS
ནི་	ནི་	NO_POS
ངན་པ་	ངན་པ་	VERB
ར་	ལ་	PART
ཞུགས་	ཞུགས་	VERB
། །		PUNCT
མཚན་ཉིད་	མཚན་ཉིད་	NOUN
རྣམ་པ་	རྣམ་པ་	NOUN
ར་	ལ་	PART
རིག་	རིག་	VERB
དང་	དང་	NO_POS
དག་	དག་	DET
།		PUNCT
ཡང་དག་	ཡང་དག་	ADJ
སྒྲུབ་པ་	སྒྲུབ་པ་	VERB
གཅིག་པུ་	གཅིག་པུ་	ADJ
འོ་	གོ་	PART
། །		PUNCT
གཅིག་	གཅིག་	NUM
དང་	དང་	NO_POS
རྒྱུ་	རྒྱུ་	NOUN
དང་	དང་	NO_POS
ཟ་བ་	ཟ་བ་	VERB
དང་	དང་	NO_POS
། །		PUNCT
བྱེད་པ་	བྱེད་པ་	VERB
དང་	དང་	NO_POS
ནི་	ནི་	NO_POS
དབང་	དབང་	NOUN
བསྒྱུར་	བསྒྱུར་	VERB
དང་	དང་	NO_POS
། །		PUNCT
བདག་པོ་	བདག་པོ་	NOUN
འི་	གི་	PART
དོན་	དོན་	NOUN
དང་	དང་	NO_POS
རྟག་པ་	རྟག་པ་	VERB
དང་	དང་	NO_POS
། །		PUNCT
ཉོན་མོངས་པ་	ཉོན་མོངས་པ་	NOUN
དང་	དང་	NO_POS
དག་པ་	དག་པ་	VERB
འི་	གི་	PART
གནས་	གནས་	NOUN
། །		PUNCT
རྣལ་འབྱོར་	རྣལ་འབྱོར་	NOUN
ཅན་	ཅན་	PART
དང་	དང་	NO_POS
མ་	མ་	PART
གྲོལ་	གྲོལ་	VERB
གྲོལ་	གྲོལ་	VERB
། །		PUNCT
འདི་དག་	འདི་དག་	NO_POS
ལ་	ལ་	PART
ནི་	ནི་	NO_POS
བདག་	བདག་	PRON
ཏུ་	ལ་	PART
ལྟ་	ལྟ་	NOUN
། །		PUNCT
ཀུན་	ཀུན་	DET
ཏུ་	ལ་	PART
རྟོག་	རྟོག་	VERB
དང་	དང་	NO_POS
རྣམ་རྟོག་	རྣམ་རྟོག་	NOUN
དོན་	དོན་	NOUN
། །		PUNCT
ཆོས་ཉིད་	ཆོས་ཉིད་	NOUN
དོན་	དོན་	NOUN
གྱིས་	གིས་	PART
དེ་དག་	དེ་དག་	OTHER
དེ་	དེ་	DET
ར་	ལ་	PART
། །		PUNCT
ཐོག་མ་	ཐོག་མ་	NOUN
དུ་མ་	དུ་མ་	ADJ
ཉིད་	ཉིད་	DET
དང་	དང་	NO_POS
ནི་	ནི་	NO_POS
། །		PUNCT
བསྡུ་	བསྡུ་	VERB
དང་	དང་	NO_POS
ཡོངས་སུ་	ཡོངས་སུ་	NO_POS
ཕྱེ་བ་	ཕྱེ་བ་	VERB
འི་	གི་	PART
དོན་	དོན་	NOUN
། །		PUNCT
འཛིན་	འཛིན་	VERB
དང་	དང་	NO_POS
གཟུང་	གཟུང་	VERB
དང་	དང་	NO_POS
དེ་	སྟེ་	PART
འཛིན་པ་	འཛིན་པ་	VERB
། །		PUNCT
ས་བོན་	ས་བོན་	NOUN
དོན་	དོན་	NOUN
ཏེ་	སྟེ་	PART
གཞན་	གཞན་	DET
དུ་	ལ་	PART
འདོད་	འདོད་	VERB
། །		PUNCT
ཚོ་	ཚོ་	VERB
དང་	དང་	NO_POS
དོན་	དོན་	NOUN
རྣམས་	རྣམས་	DET
ཡོངས་གཅོད་	ཡོངས་གཅོད་	NO_POS
ཀྱི་	གི་	PART
། །		PUNCT
ཉེར་སྤྱོད་	ཉེར་སྤྱོད་	OTHER
འབྱུང་	འབྱུང་	VERB
སྒོ་	སྒོ་	NOUN
གཞན་	གཞན་	DET
ཡིན་	ཡིན་	NO_POS
ནོ་	གོ་	PART
། །		PUNCT
རྒྱུ་	རྒྱུ་	NOUN
དང་	དང་	NO_POS
འབྲས་བུ་	འབྲས་བུ་	NOUN
རྩོལ་བ་	རྩོལ་བ་	VERB
ལ་	ལ་	PART
། །		PUNCT
སྒྲོ་འདོགས་	སྒྲོ་འདོགས་	NOUN
མེད་	མེད་	VERB
ཅིང་	ཅིང་	PART
བསྐུར་	བསྐུར་	NO_POS
འདེབས་	འདེབས་	VERB
མེད་	མེད་	VERB
། །		PUNCT
མི་	མི་	PART
འདོད་	འདོད་	VERB
འདོད་	འདོད་	VERB
དང་	དང་	NO_POS
རྣམ་དག་	རྣམ་དག་	ADJ
དང་	དང་	NO_POS
། །		PUNCT
མཉམ་	མཉམ་	VERB
དུ་	ལ་	PART
འབྱུང་	འབྱུང་	VERB
དང་	དང་	NO_POS
དབང་	དབང་	NOUN
བྱེད་	བྱེད་	VERB
དང་	དང་	NO_POS
། །		PUNCT
འཐོབ་	འཐོབ་	VERB
དང་	དང་	NO_POS
ཀུན་	ཀུན་	DET
ཏུ་	ལ་	PART
སྤྱོད་པ་	སྤྱོད་པ་	VERB
དག་	དག་	DET
།		PUNCT
གཞན་དབང་	གཞན་དབང་	NO_POS
ཉིད་	ཉིད་	DET
ཀྱི་	གི་	PART
དོན་	དོན་	NOUN
ཏེ་	སྟེ་	PART
གཞན་	གཞན་	DET
། །		PUNCT
འཛིན་	འཛིན་	VERB
དང་	དང་	NO_POS
གནས་	གནས་	NOUN
དང་	དང་	NO_POS
རྒྱུན་	རྒྱུན་	NOUN
མི་	མི་	PART
འཆད་	འཆད་	VERB
། །		PUNCT
སྤྱོད་	སྤྱོད་	VERB
དང་	དང་	NO_POS
དག་པ་	དག་པ་	VERB
གཉིས་	གཉིས་	NUM
ཀྱི་	གི་	PART
ཕྱི་	ཕྱི་	OTHER
། །		PUNCT
འབྲས་བུ་	འབྲས་བུ་	NOUN
རྒྱུ་	རྒྱུ་	NOUN
རྣམས་	རྣམས་	DET
སྤྱད་	སྤྱད་	VERB
ཟིན་	ཟིན་	VERB
དང་	དང་	NO_POS
། །		PUNCT
དེ་བཞིན་	དེ་བཞིན་	OTHER
མ་	མ་	PART
སྤྱད་	སྤྱད་	VERB
གཞན་	གཞན་	DET
ཡིན་	ཡིན་	NO_POS
ནོ་	གོ་	PART
། །		PUNCT
ཚོར་བ་	ཚོར་བ་	VERB
རྒྱུ་	རྒྱུ་	NOUN
དང་	དང་	NO_POS
བཅས་པ་	བཅས་པ་	VERB
འི་	གི་	PART
དོན་	དོན་	NOUN
། །		PUNCT
དེ་	སྟེ་	PART
ཡི་	གི་	PART
རྒྱུ་	རྒྱུ་	NOUN
ནི་	ནི་	NO_POS
སྒྲུབ་པ་	སྒྲུབ་པ་	VERB
ཡིན་	ཡིན་	NO_POS
། །		PUNCT
དེ་	སྟེ་	PART
ཞི་བ་	ཞི་བ་	VERB
དང་	དང་	NO_POS
གཉེན་པོ་	གཉེན་པོ་	NOUN
འི་	གི་	PART
དོན་	དོན་	NOUN
། །		PUNCT
ལྡན་པ་	ལྡན་པ་	VERB
འི་	གི་	PART
ཕྱི་	ཕྱི་	OTHER
ན་	ལ་	PART
གཞན་	གཞན་	DET
དུ་	ལ་	PART
འདོད་	འདོད་	VERB
། །		PUNCT
དེ་	སྟེ་	PART
ཡི་	གི་	PART
རྒྱུ་	རྒྱུ་	NOUN
ནི་	ནི་	NO_POS
སྒྲུབ་པ་	སྒྲུབ་པ་	VERB
ཡིན་	ཡིན་	NO_POS
། །		PUNCT
ཀུན་འབྱུང་བ་	ཀུན་འབྱུང་བ་	NOUN
ཡི་	གི་	PART
བདེན་པ་	བདེན་པ་	VERB
སྟེ་	སྟེ་	PART
། །		PUNCT
ཡོན་	ཡོན་	NOUN
༼		PUNCT
		
༽		PUNCT
ཏན་	ཏན་	NO_POS
སྐྱོན་	སྐྱོན་	NOUN
དང་	དང་	NO_POS
རྣམ་	རྣམ་	NOUN
མི་	མི་	PART
རྟོག་	རྟོག་	VERB
།		PUNCT
ཤེས་པ་	ཤེས་པ་	VERB
ས་	གིས་	PART
གཞན་	གཞན་	DET
ལ་	ལ་	ADP
ས་	གིས་	PART
བདག་	བདག་	PRON
གིས་	གིས་	PART
ནི་	ནི་	NO_POS
། །		PUNCT
ངེས་པ་		
འབྱུང་	འབྱུང་	VERB
ཕྱི་	ཕྱི་	OTHER
གཞན་	གཞན་	DET
ཞེ་	ཅེས་	PART
བྱ་	བྱ་	VERB
། །		PUNCT
བཏགས་	བཏགས་	VERB
བཅའ་	བཅའ་	VERB
རྒྱུ་	རྒྱུ་	NOUN
ར་	ལ་	PART
བཅའ་	བཅའ་	VERB
རྒྱུ་མཚན་	རྒྱུ་མཚན་	NOUN
དང་	དང་	NO_POS
། །		PUNCT
རབ་ཏུ་	རབ་ཏུ་	NO_POS
ཞི་བ་	ཞི་བ་	VERB
དོན་	དོན་	NOUN
བཅའ་	བཅའ་	VERB
ནི་	ནི་	NO_POS
། །		PUNCT
ཐ་མ་	ཐ་མ་	ADJ
ཉིད་	ཉིད་	DET
དུ་	ལ་	PART
བཤད་པ་	བཤད་པ་	VERB
ཡིན་	ཡིན་	NO_POS
། །		PUNCT
བསྟན་བཅོས་	བསྟན་བཅོས་	NOUN
དབུ་	དབུ་	NOUN
དང་	དང་	NO_POS
མཐའ་	མཐའ་	NOUN
རྣམ་པ་	རྣམ་པ་	NOUN
ར་	ལ་	PART
འབྱེད་པ་	འབྱེད་པ་	VERB
ལ་	ལ་	ADP
ས་	གིས་	PART
།		PUNCT
དེ་	སྟེ་	PART
ཁོ་ན་	ཁོ་ན་	DET
འི་	གི་	PART
ལེའུ་	ལེའུ་	NOUN
ར་	ལ་	PART
བཅད་པ་	བཅད་པ་	VERB
ཞེ་	ཅེས་	PART
བྱ་བ་	བྱ་བ་	VERB
སྟེ་	སྟེ་	PART
གསུམ་པ་	གསུམ་པ་	NUM
འོ་	གོ་	PART
།། ༈ །།		PUNCT
གནས་	གནས་	NOUN
ངན་	ངན་	VERB
ལེན་	ལེན་	VERB
ཕྱི་	ཕྱི་	OTHER
སྲེད་	སྲེད་	NOUN
རྒྱུ་	རྒྱུ་	NOUN
འི་	གི་	PART
ཕྱི་	ཕྱི་	OTHER
། །		PUNCT
གཞི་	གཞི་	NOUN
ཡི་	གི་	PART
ཕྱི་	ཕྱི་	OTHER
དང་	དང་	NO_POS
མ་	མ་	PART
རྨོངས་	རྨོངས་	VERB
ཕྱི་	ཕྱི་	OTHER
། །		PUNCT
བདེན་པ་	བདེན་པ་	VERB
བཞི་	བཞི་	NUM
ལ་	ལ་	PART
འཇུག་	འཇུག་	VERB
བྱ་བ་	བྱ་བ་	VERB
ས་	གིས་	PART
། །		PUNCT
དྲན་པ་	དྲན་པ་	VERB
ཉེ་བ་		
གཞག་པ་	གཞག་པ་	VERB
བསྒོམས་	བསྒོམས་	VERB
། །		PUNCT
མི་	མི་	PART
མཐུན་	མཐུན་	VERB
ཕྱོགས་	ཕྱོགས་	NOUN
དང་	དང་	NO_POS
གཉེན་པོ་	གཉེན་པོ་	NOUN
རྣམས་	རྣམས་	DET
། །		PUNCT
རྣམ་པ་	རྣམ་པ་	NOUN
ཐམས་ཅད་	ཐམས་ཅད་	DET
ཡོངས་ཤེས་	ཡོངས་ཤེས་	NO_POS
ན་	ལ་	PART
། །		PUNCT
དེ་དག་	དེ་དག་	OTHER
སྤོང་	སྤོང་	VERB
ཕྱི་	ཕྱི་	OTHER
བརྩོན་འགྲུས་	བརྩོན་འགྲུས་	NOUN
ནི་	ནི་	NO_POS
། །		PUNCT
རྣམ་པ་	རྣམ་པ་	NOUN
བཞི་	བཞི་	NUM
དག་	དག་	DET
རབ་ཏུ་	རབ་ཏུ་	NO_POS
འབྱུང་	འབྱུང་	VERB
། །		PUNCT
དེ་	དེ་	DET
ར་	ལ་	PART
གནས་	གནས་	NOUN
ལ་	ལ་	ADP
ས་	གིས་	PART
སུ་	ལ་	PART
རུང་བ་	རུང་བ་	VERB
ཉིད་	ཉིད་	DET
། །		PUNCT
དོན་	དོན་	NOUN
རྣམས་	རྣམས་	DET
ཐམས་ཅད་	ཐམས་ཅད་	DET
འབྱོར་པ་	འབྱོར་པ་	NOUN
ར་	ལ་	PART
འགྱུར་	འགྱུར་	VERB
། །		PUNCT
ཉེས་པ་	ཉེས་པ་	VERB
ལྔ་	ལྔ་	NUM
སྤང་	སྤང་	VERB
འདུ་བྱེད་	འདུ་བྱེད་	NOUN
བརྒྱད་	བརྒྱད་	NUM
། །		PUNCT
བསྟན་པ་	བསྟན་པ་	VERB
འི་	གི་	PART
རྒྱུ་ལ་	རྒྱུ་ལ་	NO_POS
ས་	གིས་	PART
བྱུང་བ་	བྱུང་བ་	VERB
འོ་	གོ་	PART
། །		PUNCT
ལེ་ལོ་	ལེ་ལོ་	NOUN
དང་	དང་	NO_POS
ནི་	ནི་	NO_POS
གདམས་ངག་	གདམས་ངག་	NOUN
རྣམས་	རྣམས་	DET
། །		PUNCT
བརྗེད་	བརྗེད་	VERB
དང་	དང་	NO_POS
བྱིང་	བྱིང་	NO_POS
དང་	དང་	NO_POS
རྒོད་པ་	རྒོད་པ་	VERB
དང་	དང་	NO_POS
། །		PUNCT
འདུ་	འདུ་	VERB
མི་	མི་	PART
བྱེད་	བྱེད་	VERB
དང་	དང་	NO_POS
འདུ་བྱེད་	འདུ་བྱེད་	NOUN
དེ་	སྟེ་	PART
། །		PUNCT
འདི་དག་	འདི་དག་	NO_POS
ཉེས་པ་	ཉེས་པ་	VERB
ལྔ་	ལྔ་	NUM
ར་	ལ་	PART
འདོད་	འདོད་	VERB
དོ་	གོ་	PART
། །		PUNCT
གནས་	གནས་	NOUN
དང་	དང་	NO_POS
དེ་	སྟེ་	PART
ལ་	ལ་	PART
གནས་པ་	གནས་པ་	VERB
དང་	དང་	NO_POS
། །		PUNCT
རྒྱུ་	རྒྱུ་	NOUN
དང་	དང་	NO_POS
འབྲས་བུ་	འབྲས་བུ་	NOUN
ཉིད་	ཉིད་	DET
དུ་	ལ་	PART
འོ་	གོ་	PART
། །		PUNCT
དམིགས་པ་	དམིགས་པ་	VERB
བརྗེད་པ་	བརྗེད་པ་	VERB
ར་	ལ་	PART
མ་	མ་	PART
གྱུར་	གྱུར་	VERB
དང་	དང་	NO_POS
། །		PUNCT
བྱིང་	བྱིང་	NO_POS
དང་	དང་	NO_POS
རྒོད་པ་	རྒོད་པ་	VERB
རྟོགས་པ་	རྟོགས་པ་	VERB
དང་	དང་	NO_POS
། །		PUNCT
དེ་	སྟེ་	PART
སྤོང་	སྤོང་	VERB
མངོན་པ་	མངོན་པ་	OTHER
འདུ་བྱེད་	འདུ་བྱེད་	NOUN
དང་	དང་	NO_POS
། །		PUNCT
ཞི་	ཞི་	VERB
ཚེ་	ཚེ་	NOUN
རྣལ་	རྣལ་	VERB
དུ་	ལ་	PART
འཇུག་པ་	འཇུག་པ་	VERB
འོ་	གོ་	PART
། །		PUNCT
ཐར་པ་	ཐར་པ་	VERB
འི་	གི་	PART
ཆ་	ཆ་	NOUN
དང་	དང་	NO_POS
མཐུན་	མཐུན་	VERB
བསྐྱེད་	བསྐྱེད་	VERB
ན་	ནས་	PART
། །		PUNCT
འདུན་	འདུན་	VERB
དང་	དང་	NO_POS
སྦྱོར་བ་	སྦྱོར་བ་	VERB
དབང་	དབང་	NOUN
བྱེད་	བྱེད་	VERB
དང་	དང་	NO_POS
། །		PUNCT
དམིགས་པ་	དམིགས་པ་	VERB
བརྗེད་པ་	བརྗེད་པ་	VERB
ར་	ལ་	PART
མ་	མ་	PART
གྱུར་	གྱུར་	VERB
དང་	དང་	NO_POS
། །		PUNCT
མི་	མི་	PART
འཕྲོ་	འཕྲོ་	NOUN
རྣམ་པ་	རྣམ་པ་	NOUN
ར་	ལ་	PART
འབྱེད་	འབྱེད་	VERB
ཀྱང་	ཀྱང་	PART
ངོ་	གོ་	PART
། །		PUNCT
མི་	མི་	PART
མཐུན་	མཐུན་	VERB
ཕྱོགས་	ཕྱོགས་	NOUN
ནི་	ནི་	NO_POS
སྲབ་པ་	སྲབ་པ་	VERB
འི་	གི་	PART
ཕྱི་	ཕྱི་	OTHER
། །		PUNCT
སྟོབས་ལྡན་	སྟོབས་ལྡན་	ADJ
འབྲས་བུ་	འབྲས་བུ་	NOUN
ཕྱི་མ་	ཕྱི་མ་	ADJ
ཡིན་	ཡིན་	NO_POS
། །		PUNCT
དབང་པོ་	དབང་པོ་	NOUN
རྣམས་	རྣམས་	DET
དང་	དང་	NO_POS
སྟོབས་	སྟོབས་	NOUN
རྣམས་	རྣམས་	DET
ལ་	ལ་	PART
། །		PUNCT
ངེས་འབྱེད་	ངེས་འབྱེད་	NO_POS
ཆ་	ཆ་	NOUN
མཐུན་	མཐུན་	VERB
གཉིས་	གཉིས་	NUM
གཉིས་	གཉིས་	NUM
སོ་	གོ་	PART
། །		PUNCT
རང་བཞིན་	རང་བཞིན་	NOUN
ཡན་ལག་	ཡན་ལག་	NOUN
གནས་	གནས་	NOUN
ཡན་ལག་	ཡན་ལག་	NOUN
།		PUNCT
གསུམ་པ་	གསུམ་པ་	NUM
ངེས་འབྱུང་	ངེས་འབྱུང་	NOUN
ཡན་ལག་	ཡན་ལག་	NOUN
སྟེ་	སྟེ་	PART
། །		PUNCT
བཞི་པ་	བཞི་པ་	ADJ
ཕན་ཡོན་	ཕན་ཡོན་	NOUN
ཡན་ལག་	ཡན་ལག་	NOUN
ཡིན་	ཡིན་	NO_POS
། །		PUNCT
རྣམ་	རྣམ་	NOUN
གསུམ་	གསུམ་	NUM
ཉོན་མོངས་	ཉོན་མོངས་	NOUN
མེད་	མེད་	VERB
ཡན་ལག་	ཡན་ལག་	NOUN
།		PUNCT
འདི་	འདི་	DET
ལ་	ལ་	PART
གཞི་	གཞི་	NOUN
དང་	དང་	NO_POS
གནས་	གནས་	NOUN
དང་	དང་	NO_POS
ནི་	ནི་	NO_POS
། །		PUNCT
ངོ་བོ་	ངོ་བོ་	NOUN
ཉིད་	ཉིད་	DET
དུ་	ལ་	PART
བསྟན་པ་	བསྟན་པ་	VERB
ཡིན་	ཡིན་	NO_POS
། །		PUNCT
ཡོངས་སུ་	ཡོངས་སུ་	NO_POS
གཅོད་	གཅོད་	NO_POS
དང་	དང་	NO_POS
གོ་བྱེད་	གོ་བྱེད་	NO_POS
དང་	དང་	NO_POS
། །		PUNCT
རྣམ་	རྣམ་	NOUN
གསུམ་	གསུམ་	NUM
གཞན་	གཞན་	DET
ཡིད་ཆེས་པ་	ཡིད་ཆེས་པ་	NOUN
ར་	ལ་	PART
བྱེད་	བྱེད་	VERB
། །		PUNCT
མི་	མི་	PART
མཐུན་	མཐུན་	VERB
ཕྱོགས་	ཕྱོགས་	NOUN
ཀྱི་	གི་	PART
གཉེན་པོ་	གཉེན་པོ་	NOUN
ར་	ལ་	PART
ནི་	ནི་	NO_POS
། །		PUNCT
ལམ་	གམ་	PART
གྱི་	གི་	PART
ཡན་ལག་	ཡན་ལག་	NOUN
དེ་	སྟེ་	PART
བརྒྱད་	བརྒྱད་	NUM
དོ་	གོ་	PART
། །		PUNCT
ལྟ་	ལྟ་	NOUN
དང་	དང་	NO_POS
ཚུལ་	ཚུལ་	NOUN
༼		PUNCT
		
༽		PUNCT
ཁྲིམས་	ཁྲིམས་	NOUN
ཡོ་བྱད་	ཡོ་བྱད་	NOUN
བསྙུངས་	བསྙུངས་	NO_POS
། །		PUNCT
གཞན་	གཞན་	DET
ལ་	ལ་	PART
རྣམ་པ་	རྣམ་པ་	NOUN
ར་	ལ་	PART
རིག་བྱེད་	རིག་བྱེད་	PROPN
འདོད་	འདོད་	VERB
། །		PUNCT
ཉོན་མོངས་	ཉོན་མོངས་	NOUN
ཉེ་བ་	ཉེ་བ་	VERB
འི་	གི་	PART
ཉོན་མོངས་	ཉོན་མོངས་	NOUN
དབང་	དབང་	NOUN
། །		PUNCT
མི་	མི་	PART
མཐུན་	མཐུན་	VERB
ཕྱོགས་	ཕྱོགས་	NOUN
ཀྱི་	གི་	PART
གཉེན་པོ་	གཉེན་པོ་	NOUN
འོ་	གོ་	PART
། །		PUNCT
རྗེས་སུ་	རྗེས་སུ་	OTHER
མཐུན་	མཐུན་	VERB
ལ་	ལ་	PART
ཕྱིན་	ཕྱིན་	VERB
ཅི་	ཅི་	NO_POS
ལོག་	ལོག་	VERB
།		PUNCT
རྗེས་སུ་	རྗེས་སུ་	OTHER
འབྲེལ་	འབྲེལ་	VERB
བཅའ་	བཅའ་	VERB
བཟློག་པ་	བཟློག་པ་	VERB
དང་	དང་	NO_POS
། །		PUNCT
ཕྱིན་	ཕྱིན་	VERB
ཅི་	ཅི་	NO_POS
མ་	མ་	PART
ལོག་	ལོག་	VERB
ཕྱིན་	ཕྱིན་	VERB
ཅི་	ཅི་	NO_POS
ལོག་	ལོག་	VERB
།		PUNCT
རྗེས་སུ་	རྗེས་སུ་	OTHER
འབྲེལ་	འབྲེལ་	VERB
མེད་	མེད་	VERB
བསྒོམ་པ་	བསྒོམ་པ་	VERB
འོ་	གོ་	PART
། །		PUNCT
བྱང་ཆུབ་	བྱང་ཆུབ་	NOUN
སེམས་དཔའ་	སེམས་དཔའ་	NOUN
རྣམས་	རྣམས་	DET
ཀྱི་	གི་	PART
ནི་	ནི་	NO_POS
། །		PUNCT
དམིགས་	དམིགས་	VERB
དང་	དང་	NO_POS
ཡིད་	ཡིད་	NOUN
ལ་	ལ་	PART
བྱེད་པ་	བྱེད་པ་	VERB
དང་	དང་	NO_POS
། །		PUNCT
འཐོབ་པ་	འཐོབ་པ་	VERB
ས་	གིས་	PART
དེ་	སྟེ་	PART
ནི་	ནི་	NO_POS
ཁྱད་པར་	ཁྱད་པར་	NOUN
འཕགས་	འཕགས་	VERB
། །		PUNCT
རྒྱུ་	རྒྱུ་	NOUN
ཡི་	གི་	PART
གནས་	གནས་	NOUN
དང་	དང་	NO_POS
ཞུགས་པ་	ཞུགས་པ་	VERB
དང་	དང་	NO_POS
། །		PUNCT
སྦྱོར་	སྦྱོར་	VERB
དང་	དང་	NO_POS
འབྲས་བུ་	འབྲས་བུ་	NOUN
བརྗོད་པ་	བརྗོད་པ་	VERB
དང་	དང་	NO_POS
། །		PUNCT
བྱ་	བྱ་	VERB
དང་	དང་	NO_POS
བྱ་	བྱ་	VERB
མེད་	མེད་	VERB
ཁྱད་པར་	ཁྱད་པར་	NOUN
དང་	དང་	NO_POS
། །		PUNCT
དེ་	སྟེ་	PART
ནི་	ནི་	NO_POS
བླ་མ་	བླ་མ་	NOUN
བླ་	བླ་	NOUN
ན་	ལ་	PART
མེད་	མེད་	VERB
། །		PUNCT
མོས་པ་	མོས་པ་	VERB
དང་	དང་	NO_POS
ནི་	ནི་	NO_POS
འཇུག་པ་	འཇུག་པ་	VERB
དང་	དང་	NO_POS
། །		PUNCT
ངེས་པ་		
འབྱུང་	འབྱུང་	VERB
དང་	དང་	NO_POS
ལུང་བསྟན་	ལུང་བསྟན་	NOUN
དང་	དང་	NO_POS
། །		PUNCT
བརྗོད་པ་	བརྗོད་པ་	VERB
དང་	དང་	NO_POS
ནི་	ནི་	NO_POS
དབང་	དབང་	NOUN
བསྐུར་	བསྐུར་	NO_POS
དང་	དང་	NO_POS
། །		PUNCT
ཕྱིན་པ་	ཕྱིན་པ་	VERB
དང་	དང་	NO_POS
ནི་	ནི་	NO_POS
ཕན་ཡོན་	ཕན་ཡོན་	NOUN
དང་	དང་	NO_POS
། །		PUNCT
བྱ་བ་	བྱ་བ་	VERB
བསྒྲུབ་པ་	བསྒྲུབ་པ་	VERB
བསྟན་པ་	བསྟན་པ་	VERB
འོ་	གོ་	PART
། །		PUNCT
ཆོ་	ཆོ་	NOUN
ཀྱི་	གི་	PART
དབྱིངས་	དབྱིངས་	NOUN
ལ་	ལ་	PART
རྣམ་	རྣམ་	NOUN
གསུམ་	གསུམ་	NUM
སྟེ་	སྟེ་	PART
། །		PUNCT
མ་	མ་	PART
དག་མ་	དག་མ་	NO_POS
དག་	དག་	DET
དག་པ་	དག་པ་	VERB
དང་	དང་	NO_POS
། །		PUNCT
རྣམ་པ་	རྣམ་པ་	NOUN
ར་	ལ་	PART
དག་པ་	དག་པ་	VERB
ར་	ལ་	PART
ཅི་རིགས་	ཅི་རིགས་	OTHER
སྦྱར་	སྦྱར་	VERB
། །		PUNCT
འདི་	འདི་	DET
ལ་	ལ་	ADP
ས་	གིས་	PART
ཇི་ལྟ་		
འོ་	འོ་	VERB
འོ་	འོ་	VERB
སུ་	ལ་	PART
། །		PUNCT
གང་ཟག་	གང་ཟག་	NOUN
རྣམ་པ་	རྣམ་པ་	NOUN
ར་	ལ་	PART
གཞག་པ་	གཞག་པ་	VERB
ར་	ལ་	PART
འདོད་	འདོད་	VERB
། །		PUNCT
སྣོད་	སྣོད་	NOUN
གྱུར་	གྱུར་	VERB
རྣམ་པ་	རྣམ་པ་	NOUN
ར་	ལ་	PART
སྨིན་	སྨིན་	VERB
བརྗོད་	བརྗོད་	VERB
དང་	དང་	NO_POS
། །		PUNCT
དེ་	སྟེ་	PART
ཡི་	གི་	PART
དབང་	དབང་	NOUN
གིས་	གིས་	PART
སྟོབས་	སྟོབས་	NOUN
དང་	དང་	NO_POS
ནི་	ནི་	NO_POS
། །		PUNCT
འདོད་	འདོད་	VERB
དང་	དང་	NO_POS
འཕེལ་	འཕེལ་	VERB
དང་	དང་	NO_POS
རྣམ་དག་	རྣམ་དག་	ADJ
སྟེ་	སྟེ་	PART
། །		PUNCT
དེ་དག་	དེ་དག་	OTHER
འབྲས་བུ་	འབྲས་བུ་	NOUN
གོ་རིམ་	གོ་རིམ་	NOUN
བཞིན་	བཞིན་	NOUN
། །		PUNCT
ཕྱི་མ་	ཕྱི་མ་	ADJ
ཕྱི་མ་	ཕྱི་མ་	ADJ
ཐོག་མ་	ཐོག་མ་	NOUN
དང་	དང་	NO_POS
། །		PUNCT
དེ་	སྟེ་	PART
གོམས་	གོམས་	VERB
བྱ་	བྱ་	VERB
དང་	དང་	NO_POS
རྫོགས་པ་	རྫོགས་པ་	VERB
འོ་	གོ་	PART
། །		PUNCT
རྗེས་སུ་	རྗེས་སུ་	OTHER
མཐུན་	མཐུན་	VERB
དང་	དང་	NO_POS
མི་	མི་	PART
མཐུན་	མཐུན་	VERB
ཕྱོགས་	ཕྱོགས་	NOUN
། །		PUNCT
བྲལ་བ་	བྲལ་བ་	VERB
དང་	དང་	NO_POS
ནི་	ནི་	NO_POS
ཁྱད་པར་	ཁྱད་པར་	NOUN
དང་	དང་	NO_POS
། །		PUNCT
བླ་མ་	བླ་མ་	NOUN
དང་	དང་	NO_POS
ནི་	ནི་	NO_POS
བླ་	བླ་	NOUN
ན་	ལ་	PART
མེད་	མེད་	VERB
། །		PUNCT
འབྲས་བུ་	འབྲས་བུ་	NOUN
གཞན་	གཞན་	DET
ཏེ་	སྟེ་	PART
མདོར་བསྡུས་པ་	མདོར་བསྡུས་པ་	OTHER
འོ་	གོ་	PART
། །		PUNCT
བསྟན་བཅོས་	བསྟན་བཅོས་	NOUN
དབུ་	དབུ་	NOUN
དང་	དང་	NO_POS
མཐའ་	མཐའ་	NOUN
རྣམ་པ་	རྣམ་པ་	NOUN
ར་	ལ་	PART
འབྱེད་པ་	འབྱེད་པ་	VERB
ལ་	ལ་	ADP
ས་	གིས་	PART
།		PUNCT
གཉེན་པོ་	གཉེན་པོ་	NOUN
བསྒོམ་པ་	བསྒོམ་པ་	VERB
འི་	གི་	PART
ལེའུ་	ལེའུ་	NOUN
ར་	ལ་	PART
བཅད་པ་	བཅད་པ་	VERB
ཞེ་	ཅེས་	PART
བྱ་བ་	བྱ་བ་	VERB
སྟེ་	སྟེ་	PART
བཞི་པ་	བཞི་པ་	ADJ
འོ་	གོ་	PART
།། ༈ །།		PUNCT
བླ་མེད་	བླ་མེད་	ADJ
ཉིད་	ཉིད་	DET
ནི་	ནི་	NO_POS
སྒྲུབ་པ་	སྒྲུབ་པ་	VERB
དང་	དང་	NO_POS
། །		PUNCT
དམིགས་པ་	དམིགས་པ་	VERB
དང་	དང་	NO_POS
ནི་	ནི་	NO_POS
ཡང་དག་	ཡང་དག་	ADJ
འགྲུབ་	འགྲུབ་	VERB
། །		PUNCT
བསྟན་པ་	བསྟན་པ་	VERB
ཡིན་པ་	ཡིན་པ་	AUX
ར་	ལ་	PART
འདོད་པ་	འདོད་པ་	VERB
འོ་	གོ་	PART
། །		PUNCT
སྒྲུབ་པ་	སྒྲུབ་པ་	VERB
དག་	དག་	DET
ནི་	ནི་	NO_POS
རྣམ་	རྣམ་	NOUN
དྲུག་	དྲུག་	NUM
སྟེ་	སྟེ་	PART
། །		PUNCT
ཕ་རོལ་	ཕ་རོལ་	NOUN
ཕྱིན་པ་	ཕྱིན་པ་	VERB
དེ་དག་	དེ་དག་	OTHER
ལ་	ལ་	ADP
འོ་	གོ་	PART
། །		PUNCT
དམ་པ་	དམ་པ་	VERB
དང་	དང་	NO_POS
ནི་	ནི་	NO_POS
ཡིད་བྱེད་	ཡིད་བྱེད་	NO_POS
དང་	དང་	NO_POS
། །		PUNCT
རྗེས་སུ་	རྗེས་སུ་	OTHER
མཐུན་	མཐུན་	VERB
ཆོ་	ཆོ་	NOUN
མཐའ་	མཐའ་	NOUN
སྤངས་	སྤངས་	VERB
དང་	དང་	NO_POS
། །		PUNCT
ཁྱད་པར་ཅན་	ཁྱད་པར་ཅན་	ADJ
དང་	དང་	NO_POS
ཁྱད་པར་	ཁྱད་པར་	NOUN
མེད་	མེད་	VERB
། །		PUNCT
དམ་པ་	དམ་པ་	VERB
བཅུ་གཉིས་	བཅུ་གཉིས་	NO_POS
བདག་ཉིད་	བདག་ཉིད་	NOUN
དེ་	སྟེ་	PART
། །		PUNCT
རྒྱ་ཆེ་བ་	རྒྱ་ཆེ་བ་	NO_POS
དང་	དང་	NO_POS
ཡུན་རིང་	ཡུན་རིང་	NOUN
དང་	དང་	NO_POS
། །		PUNCT
ཆེད་	ཆེད་	NOUN
དུ་	ལ་	PART
བྱ་	བྱ་	VERB
དང་	དང་	NO_POS
མི་ཟད་	མི་ཟད་	NO_POS
དང་	དང་	NO_POS
། །		PUNCT
རྒྱུན་	རྒྱུན་	NOUN
མི་	མི་	PART
འཆད་	འཆད་	VERB
དང་	དང་	NO_POS
ཚེགས་	ཚེགས་	NOUN
མེད་	མེད་	VERB
དང་	དང་	NO_POS
། །		PUNCT
དབང་	དབང་	NOUN
འབྱོར་བ་	འབྱོར་བ་	VERB
དང་	དང་	NO_POS
ཡོངས་	ཡོངས་	DET
གཟུང་	གཟུང་	VERB
དང་	དང་	NO_POS
། །		PUNCT
རྩོམ་	རྩོམ་	VERB
དང་	དང་	NO_POS
༼		PUNCT
		
༽		PUNCT
འཐོབ་	འཐོབ་	VERB
དང་	དང་	NO_POS
རྒྱུ་	རྒྱུ་	NOUN
མཐུན་	མཐུན་	VERB
དང་	དང་	NO_POS
། །		PUNCT
འགྲུབ་པ་	འགྲུབ་པ་	VERB
དམ་པ་	དམ་པ་	VERB
ར་	ལ་	PART
འདོད་པ་	འདོད་པ་	VERB
ཡིན་	ཡིན་	NO_POS
། །		PUNCT
དེ་ཕྱིར་	དེ་ཕྱིར་	NO_POS
དམ་པ་	དམ་པ་	VERB
འི་	གི་	PART
དོན་	དོན་	NOUN
གྱིས་	གིས་	PART
ནི་	ནི་	NO_POS
། །		PUNCT
ཕ་རོལ་	ཕ་རོལ་	NOUN
ཕྱིན་པ་	ཕྱིན་པ་	VERB
བཅུ་		
འདོད་	འདོད་	VERB
དོ་	གོ་	PART
། །		PUNCT
སྦྱིན་	སྦྱིན་	VERB
དང་	དང་	NO_POS
ཚུལ་ཁྲིམས་	ཚུལ་ཁྲིམས་	NOUN
བཟོད་	བཟོད་	VERB
བརྩོན་འགྲུས་	བརྩོན་འགྲུས་	NOUN
། །		PUNCT
བསམ་གཏན་	བསམ་གཏན་	NOUN
དང་	དང་	NO_POS
ནི་	ནི་	NO_POS
ཤེས་རབ་	ཤེས་རབ་	NOUN
ཐབས་	ཐབས་	NOUN
། །		PUNCT
སྨོན་ལམ་	སྨོན་ལམ་	NOUN
སྟོབས་	སྟོབས་	NOUN
དང་	དང་	NO_POS
ཡེ་ཤེས་	ཡེ་ཤེས་	NOUN
དང་	དང་	NO_POS
། །		PUNCT
འདི་དག་	འདི་དག་	NO_POS
ཕ་རོལ་	ཕ་རོལ་	NOUN
ཕྱིན་	ཕྱིན་	VERB
བཅུ་	བཅུ་	NUM
འོ་	གོ་	PART
། །		PUNCT
ལ་	ལ་	ADP
ས་	གིས་	PART
ནི་	ནི་	NO_POS
རྗེས་སུ་	རྗེས་སུ་	OTHER
འཛིན་བྱེད་	འཛིན་བྱེད་	OTHER
དང་	དང་	NO_POS
། །		PUNCT
གནོད་	གནོད་	VERB
མི་	མི་	PART
བྱེད་	བྱེད་	VERB
དང་	དང་	NO_POS
དེ་	སྟེ་	PART
ལ་	ལ་	PART
བཟོད་	བཟོད་	VERB
། །		PUNCT
ཡོན་ཏན་	ཡོན་ཏན་	NOUN
འཕེལ་	འཕེལ་	VERB
དང་	དང་	NO_POS
འཛུད་	འཛུད་	NO_POS
ནུས་	ནུས་	VERB
དང་	དང་	NO_POS
། །		PUNCT
རྣམ་པ་	རྣམ་པ་	NOUN
ར་	ལ་	PART
གྲོལ་བ་	གྲོལ་བ་	VERB
ར་	ལ་	PART
བྱེད་པ་	བྱེད་པ་	VERB
དང་	དང་	NO_POS
། །		PUNCT
མི་ཟད་པ་	མི་ཟད་པ་	NO_POS
དང་	དང་	NO_POS
རྟག་	རྟག་	VERB
འཇུག་	འཇུག་	VERB
དང་	དང་	NO_POS
། །		PUNCT
ངེས་པ་		
ལོངས་སྤྱོད་	ལོངས་སྤྱོད་	NOUN
སྨིན་པ་	སྨིན་པ་	VERB
ར་	ལ་	PART
བྱེད་	བྱེད་	VERB
། །		PUNCT
ཐེག་པ་	ཐེག་པ་	NOUN
ཆེན་པོ་	ཆེན་པོ་	ADJ
ར་	ལ་	PART
ཇི་ལྟ་བུ་	ཇི་ལྟ་བུ་	NO_POS
ར་	ལ་	PART
། །		PUNCT
ཆོ་	ཆོ་	NOUN
རྣམས་	རྣམས་	DET
བཏགས་པ་	བཏགས་པ་	VERB
ར་	ལ་	PART
མཛད་པ་	མཛད་པ་	VERB
དག་	དག་	DET
།		PUNCT
བྱང་ཆུབ་	བྱང་ཆུབ་	NOUN
སེམས་དཔའ་	སེམས་དཔའ་	NOUN
རྟག་པ་	རྟག་པ་	VERB
ར་	ལ་	PART
ཡང་	ཀྱང་	PART
། །		PUNCT
ཤེས་རབ་	ཤེས་རབ་	NOUN
གསུམ་	གསུམ་	NUM
གྱིས་	གིས་	PART
ཡིད་བྱེད་པ་	ཡིད་བྱེད་པ་	NO_POS
འོ་	གོ་	PART
། །		PUNCT
ཁམས་	ཁམས་	NOUN
རྟ་	རྟ་	NOUN
ས་	གིས་	PART
བྱེད་	བྱེད་	VERB
དང་	དང་	NO_POS
འཇུག་བྱེད་	འཇུག་བྱེད་	NO_POS
དང་	དང་	NO_POS
། །		PUNCT
དེ་	སྟེ་	PART
ནི་	ནི་	NO_POS
དོན་	དོན་	NOUN
རྣམས་	རྣམས་	DET
འགྲུབ་པ་	འགྲུབ་པ་	VERB
ར་	ལ་	PART
འགྱུར་	འགྱུར་	VERB
། །		PUNCT
དེ་	སྟེ་	PART
ནི་	ནི་	NO_POS
ཆོས་སྤྱོད་	ཆོས་སྤྱོད་	NOUN
རྣམ་	རྣམ་	NOUN
བཅུ་	བཅུ་	NUM
དང་	དང་	NO_POS
། །		PUNCT
ཡང་དག་	ཡང་དག་	ADJ
ལྡན་པ་	ལྡན་པ་	VERB
ར་	ལ་	PART
ཤེས་པ་	ཤེས་པ་	VERB
ར་	ལ་	PART
བྱ་	བྱ་	VERB
། །		PUNCT
ཡི་གེ་	ཡི་གེ་	NOUN
འདྲི་	འདྲི་	NO_POS
མཆོད་སྦྱིན་པ་	མཆོད་སྦྱིན་པ་	NOUN
དང་	དང་	NO_POS
། །		PUNCT
ཉན་	ཉན་	VERB
དང་	དང་	NO_POS
ཀློག་	ཀློག་	VERB
དང་ལེན་པ་	དང་ལེན་པ་	NO_POS
དང་	དང་	NO_POS
། །		PUNCT
འཆད་	འཆད་	VERB
དང་ཁ་	དང་ཁ་	NO_POS
དོན་	དོན་	NOUN
བྱེད་པ་	བྱེད་པ་	VERB
དང་	དང་	NO_POS
། །		PUNCT
དེ་	སྟེ་	PART
སེམས་པ་	སེམས་པ་	VERB
དང་	དང་	NO_POS
བསྒོམ་པ་	བསྒོམ་པ་	VERB
འོ་	གོ་	PART
། །		PUNCT
སྤྱོད་པ་	སྤྱོད་པ་	VERB
དེ་	སྟེ་	PART
བཅུ་	བཅུ་	NUM
འི་	གི་	PART
བདག་ཉིད་	བདག་ཉིད་	NOUN
ནི་	ནི་	NO_POS
། །		PUNCT
བསོད་ནམས་	བསོད་ནམས་	NOUN
ཕུང་པོ་	ཕུང་པོ་	NOUN
དཔག་	དཔག་	VERB
ཏུ་	ལ་	PART
མེད་	མེད་	VERB
། །		PUNCT
ཁྱད་པར་	ཁྱད་པར་	NOUN
ཕྱི་	ཕྱི་	OTHER
དང་	དང་	NO_POS
མི་ཟད་	མི་ཟད་	NO_POS
ཕྱི་	ཕྱི་	OTHER
། །		PUNCT
གཞན་	གཞན་	DET
ལ་	ལ་	PART
ཕན་	ཕན་	NOUN
འདོགས་	འདོགས་	VERB
མ་	མ་	PART
ཞི་	ཞི་	VERB
འི་	གི་	PART
ཕྱི་	ཕྱི་	OTHER
། །		PUNCT
མི་	མི་	PART
གཡེང་	གཡེང་	VERB
ཕྱིན་	ཕྱིན་	VERB
ཅི་	ཅི་	NO_POS
མ་	མ་	PART
ལོག་པ་	ལོག་པ་	VERB
ར་	ལ་	PART
། །		PUNCT
གྱུར་པ་	གྱུར་པ་	VERB
རྗེས་སུ་	རྗེས་སུ་	OTHER
མཐུན་པ་	མཐུན་པ་	VERB
འི་	གི་	PART
ཆོ་	ཆོ་	NOUN
། །		PUNCT
ལྡང་	ལྡང་	NO_POS
དང་	དང་	NO_POS
ཡུལ་	ཡུལ་	NOUN
ལ་	ལ་	PART
འཇུག་པ་	འཇུག་པ་	VERB
དང་	དང་	NO_POS
། །		PUNCT
དེ་བཞིན་	དེ་བཞིན་	OTHER
རོ་མྱང་	རོ་མྱང་	NO_POS
བྱིང་	བྱིང་	NO_POS
དང་	དང་	NO_POS
རྒོད་	རྒོད་	NOUN
། །		PUNCT
ཡིད་ཆེས་པ་	ཡིད་ཆེས་པ་	NOUN
ཡི་	གི་	PART
བསམ་པ་	བསམ་པ་	VERB
དང་	དང་	NO_POS
། །		PUNCT
ཡིད་	ཡིད་	NOUN
ལ་	ལ་	PART
བྱེད་པ་	བྱེད་པ་	VERB
ང་	ང་	NOUN
འཛིན་	འཛིན་	VERB
དང་	དང་	NO_POS
། །		PUNCT
ཆུང་ངུ་	ཆུང་ངུ་	ADJ
འི་	གི་	PART
སེམས་	སེམས་	NOUN
ནི་	ནི་	NO_POS
གཡེང་བ་	གཡེང་བ་	VERB
སྟེ་	སྟེ་	PART
། །		PUNCT
བློ་ལྡན་	བློ་ལྡན་	NOUN
རྣམས་	རྣམས་	DET
ཀྱིས་	གིས་	PART
ཤེས་པ་	ཤེས་པ་	VERB
ར་	ལ་	PART
བྱ་	བྱ་	VERB
། །		PUNCT
ཡི་གེ་	ཡི་གེ་	NOUN
དོན་	དོན་	NOUN
དང་	དང་	NO_POS
ཡིད་བྱེད་	ཡིད་བྱེད་	NO_POS
དང་	དང་	NO_POS
། །		PUNCT
མི་	མི་	PART
འཕྲོ་བ་	འཕྲོ་བ་	VERB
དང་	དང་	NO_POS
མཚན་ཉིད་	མཚན་ཉིད་	NOUN
གཉིས་	གཉིས་	NUM
། །		PUNCT
མ་	མ་	PART
དག་	དག་	DET
དག་	དག་	DET
དང་	དང་	NO_POS
གློ་བུ་	གློ་བུ་	OTHER
དང་	དང་	NO_POS
། །		PUNCT
མི་	མི་	PART
སྡང་བ་	སྡང་བ་	VERB
དང་	དང་	NO_POS
ཁེངས་པ་	ཁེངས་པ་	VERB
མེད་	མེད་	VERB
། །		PUNCT
འབྲེལ་པ་	འབྲེལ་པ་	VERB
འི་	གི་	PART
ཕྱི་	ཕྱི་	OTHER
དང་	དང་	NO_POS
འདྲིས་	འདྲིས་	NO_POS
ཕྱི་	ཕྱི་	OTHER
དང་	དང་	NO_POS
། །		PUNCT
མ་	མ་	PART
འབྲེལ་	འབྲེལ་	VERB
ཕྱི་	ཕྱི་	OTHER
དང་	དང་	NO_POS
མ་	མ་	PART
འདྲིས་	འདྲིས་	NO_POS
ཕྱི་	ཕྱི་	OTHER
། །		PUNCT
དོན་ཡོད་པ་	དོན་ཡོད་པ་	ADJ
དང་	དང་	NO_POS
མེད་པ་	མེད་པ་	VERB
སྟེ་	སྟེ་	PART
། །		PUNCT
དེ་	སྟེ་	PART
ནི་	ནི་	NO_POS
ཡི་གེ་	ཡི་གེ་	NOUN
མ་	མ་	PART
ལོག་པ་	ལོག་པ་	VERB
འོ་	གོ་	PART
། །		PUNCT
གཉིས་	གཉིས་	NUM
སུ་	ལ་	PART
སྣང་བ་	སྣང་བ་	VERB
ར་	ལ་	PART
གྱུར་པ་	གྱུར་པ་	VERB
ནི་	ནི་	NO_POS
། །		PUNCT
དེ་ལྟ་	དེ་ལྟ་	NO_POS
ཡོད་པ་	ཡོད་པ་	VERB
མ་	མ་	PART
ཡིན་	ཡིན་	NO_POS
ཏེ་	སྟེ་	PART
། །		PUNCT
དེ་	སྟེ་	PART
ནི་	ནི་	NO_POS
དོན་	དོན་	NOUN
ལ་མ་	ལ་མ་	NO_POS
ལོག་པ་	ལོག་པ་	VERB
། །		PUNCT
ཡོད་	ཡོད་	VERB
༼		PUNCT
		
༽		PUNCT
དང་	དང་	NO_POS
མེད་པ་	མེད་པ་	VERB
རྣམ་པ་	རྣམ་པ་	NOUN
ར་	ལ་	PART
སྤངས་	སྤངས་	VERB
། །		PUNCT
རྟོག་པ་	རྟོག་པ་	VERB
དེ་	སྟེ་	PART
ཡི་	གིས་	PART
བསྒོས་པ་	བསྒོས་པ་	VERB
ཡི་	གི་	PART
། །		PUNCT
རྟོག་པ་	རྟོག་པ་	VERB
ཡིད་བྱེད་	ཡིད་བྱེད་	NO_POS
དེ་	དེ་	DET
འི་	གི་	PART
གནས་	གནས་	NOUN
ནི་	ནི་	NO_POS
། །		PUNCT
ཡིད་	ཡིད་	NOUN
ལ་	ལ་	PART
བྱེད་པ་	བྱེད་པ་	VERB
མ་	མ་	PART
ལོག་པ་	ལོག་པ་	VERB
། །		PUNCT
གཉིས་	གཉིས་	NUM
སུ་	ལ་	PART
སྣང་བ་	སྣང་བ་	VERB
འི་	གི་	PART
རྒྱུ་ལ་	རྒྱུ་ལ་	NO_POS
འོ་	གོ་	PART
། །		PUNCT
དོན་	དོན་	NOUN
གྱིས་	གིས་	PART
མེད་	མེད་	VERB
དང་	དང་	NO_POS
ཡོད་པ་	ཡོད་པ་	VERB
སྟེ་	སྟེ་	PART
། །		PUNCT
སྒྱུ་མ་	སྒྱུ་མ་	NOUN
ལ་སོགས་	ལ་སོགས་	NO_POS
བཞིན་	བཞིན་	NOUN
དུ་	ལ་	PART
འདོད་	འདོད་	VERB
། །		PUNCT
དེ་	སྟེ་	PART
ནི་	ནི་	NO_POS
མི་	མི་	PART
འཕྲོ་མ་	འཕྲོ་མ་	NO_POS
ལོག་	ལོག་	VERB
སྟེ་	སྟེ་	PART
། །		PUNCT
ཡོད་	ཡོད་	VERB
དང་	དང་	NO_POS
མེད་པ་	མེད་པ་	VERB
མི་	མི་	PART
འཕྲོ་	འཕྲོ་	NOUN
ཕྱི་	ཕྱི་	OTHER
། །		PUNCT
རྟོག་པ་	རྟོག་པ་	VERB
ཐམས་ཅད་	ཐམས་ཅད་	DET
མི་	མི་	PART
འཇུག་	འཇུག་	VERB
ཕྱི་	ཕྱི་	OTHER
། །		PUNCT
ཐམས་ཅད་	ཐམས་ཅད་	DET
མིང་ཙམ་	མིང་ཙམ་	NO_POS
ཁོ་ན་	ཁོ་ན་	DET
སྟེ་	སྟེ་	PART
། །		PUNCT
རང་	རང་	PRON
གི་	གི་	PART
མཚན་ཉིད་	མཚན་ཉིད་	NOUN
མ་	མ་	PART
ལོག་པ་	ལོག་པ་	VERB
འོ་	གོ་	PART
། །		PUNCT
དོན་དམ་	དོན་དམ་	NOUN
རང་	རང་	PRON
གི་	གི་	PART
མཚན་ཉིད་	མཚན་ཉིད་	NOUN
ལ་	ལ་	ADP
འོ་	གོ་	PART
། །		PUNCT
ཆོ་	ཆོ་	NOUN
ཀྱི་	གི་	PART
དབྱིངས་	དབྱིངས་	NOUN
ནི་	ནི་	NO_POS
མ་གཏོགས་པ་	མ་གཏོགས་པ་	NO_POS
ར་	ལ་	PART
། །		PUNCT
འདི་ལྟར་	འདི་ལྟར་	NO_POS
ཆོ་	ཆོ་	NOUN
ཡོད་	ཡོད་	VERB
མ་	མ་	PART
ཡིན་	ཡིན་	NO_POS
ཏེ་	སྟེ་	PART
། །		PUNCT
དེ་ཕྱིར་	དེ་ཕྱིར་	NO_POS
སྤྱི་	སྤྱི་	DET
ཡི་	གི་	PART
མཚན་ཉིད་	མཚན་ཉིད་	NOUN
དེ་	དེ་	DET
ར་	ལ་	PART
། །		PUNCT
དེ་	སྟེ་	PART
ནི་	ནི་	NO_POS
ཕྱིན་	ཕྱིན་	VERB
ཅི་	ཅི་	NO_POS
མ་	མ་	PART
ལོག་པ་	ལོག་པ་	VERB
འོ་	གོ་	PART
། །		PUNCT
ཕྱིན་	ཕྱིན་	VERB
ཅི་	ཅི་	NO_POS
ལོག་	ལོག་	VERB
གི་	གི་	PART
ཡིད་	ཡིད་	NOUN
ལ་	ལ་	PART
བྱེད་	བྱེད་	VERB
། །		PUNCT
མ་	མ་	PART
སྤངས་པ་	སྤངས་པ་	VERB
དང་	དང་	NO_POS
སྤངས་པ་	སྤངས་པ་	VERB
ལ་	ལ་	ADP
ས་	གིས་	PART
། །		PUNCT
དེ་	སྟེ་	PART
ནི་	ནི་	NO_POS
མ་	མ་	PART
དག་	དག་	DET
རྣམ་དག་	རྣམ་དག་	ADJ
སྟེ་	སྟེ་	PART
། །		PUNCT
དེ་ཡང་	དེ་ཡང་	ADV
དེ་	སྟེ་	PART
ལ་མ་	ལ་མ་	NO_POS
ལོག་པ་	ལོག་པ་	VERB
འོ་	གོ་	PART
། །		PUNCT
ཆོ་	ཆོ་	NOUN
ཀྱི་	གི་	PART
དབྱིངས་	དབྱིངས་	NOUN
ནི་	ནི་	NO_POS
རང་བཞིན་	རང་བཞིན་	NOUN
གྱིས་	གིས་	PART
། །		PUNCT
རྣམ་པ་	རྣམ་པ་	NOUN
ར་	ལ་	PART
དག་	དག་	DET
ཕྱི་	ཕྱི་	OTHER
ནམ་མཁའ་	ནམ་མཁའ་	NOUN
བཞིན་	བཞིན་	NOUN
། །		PUNCT
གཉིས་	གཉིས་	NUM
ནི་	ནི་	NO_POS
གློ་བུ་	གློ་བུ་	OTHER
བྱུང་བ་	བྱུང་བ་	VERB
སྟེ་	སྟེ་	PART
། །		PUNCT
དེ་ཡང་	དེ་ཡང་	ADV
དེ་	སྟེ་	PART
ལ་མ་	ལ་མ་	NO_POS
ལོག་པ་	ལོག་པ་	VERB
འོ་	གོ་	PART
། །		PUNCT
ཆོ་	ཆོ་	NOUN
རྣམས་	རྣམས་	DET
དང་	དང་	NO_POS
ནི་	ནི་	NO_POS
གང་ཟག་	གང་ཟག་	NOUN
གི་	གི་	PART
།		PUNCT
ཀུན་	ཀུན་	DET
ན་	ནས་	PART
ཉོན་མོངས་	ཉོན་མོངས་	NOUN
རྣམ་དག་	རྣམ་དག་	ADJ
མེད་	མེད་	VERB
། །		PUNCT
མེད་	མེད་	VERB
ཕྱི་	ཕྱི་	OTHER
དེ་བ་	དེ་བ་	OTHER
ས་	གིས་	PART
སྐྲག་	སྐྲག་	VERB
དང་	དང་	NO_POS
ང་	ང་	PRON
། །		PUNCT
མེད་	མེད་	VERB
དེ་དེ་	དེ་དེ་	NO_POS
འདི་	འདི་	DET
ར་	ལ་	PART
མ་	མ་	PART
ལོག་པ་	ལོག་པ་	VERB
འོ་	གོ་	PART
། །		PUNCT
གང་	གང་	NO_POS
ལ་	ལ་	PART
གང་ཞིག་	གང་ཞིག་	NO_POS
གང་	གང་	NO_POS
ལ་	ལ་	ADP
ས་	གིས་	PART
འཁྲུལ་	འཁྲུལ་	NO_POS
། །		PUNCT
མ་	མ་	PART
འཁྲུལ་	འཁྲུལ་	NO_POS
གང་ཞིག་	གང་ཞིག་	NO_POS
གང་	གང་	NO_POS
ལ་	ལ་	PART
དང་	དང་	NO_POS
། །		PUNCT
འཁྲུལ་	འཁྲུལ་	NO_POS
དང་	དང་	NO_POS
མ་	མ་	PART
འཁྲུལ་	འཁྲུལ་	NO_POS
འབྲས་བུ་	འབྲས་བུ་	NOUN
ཉིད་	ཉིད་	DET
། །		PUNCT
དེ་	སྟེ་	PART
གཉིས་	གཉིས་	NUM
ཀྱི་	གི་	PART
ནི་	ནི་	NO_POS
མཐའ་མ་	མཐའ་མ་	NOUN
འོ་	གོ་	PART
། །		PUNCT
ཡོད་མེད་	ཡོད་མེད་	ADJ
ཕྱིན་	ཕྱིན་	VERB
ཅི་	ཅི་	NO_POS
མ་	མ་	PART
ལོག་	ལོག་	VERB
དང་	དང་	NO_POS
། །		PUNCT
གནས་	གནས་	NOUN
དང་	དང་	NO_POS
སྒྱུ་མ་	སྒྱུ་མ་	NOUN
ལྟ་བུ་	ལྟ་བུ་	NOUN
ཉིད་	ཉིད་	DET
། །		PUNCT
མི་	མི་	PART
རྟོག་པ་	རྟོག་པ་	VERB
དང་	དང་	NO_POS
རང་བཞིན་	རང་བཞིན་	NOUN
གྱིས་	གིས་	PART
། །		PUNCT
རྟག་པ་	རྟག་པ་	VERB
ར་	ལ་	PART
འོད་གསལ་	འོད་གསལ་	NOUN
ཉིད་	ཉིད་	DET
དང་	དང་	NO_POS
ནི་	ནི་	NO_POS
། །		PUNCT
ཀུན་	ཀུན་	DET
ན་	ནས་	PART
ཉོན་མོངས་	ཉོན་མོངས་	NOUN
རྣམ་བྱང་	རྣམ་བྱང་	ADJ
དང་	དང་	NO_POS
། །		PUNCT
དེ་བཞིན་	དེ་བཞིན་	OTHER
ནམ་མཁའ་	ནམ་མཁའ་	NOUN
ལྟ་བུ་	ལྟ་བུ་	NOUN
ཉིད་	ཉིད་	DET
། །		PUNCT
འགྲིབ་པ་	འགྲིབ་པ་	VERB
མེད་	མེད་	VERB
དང་	དང་	NO_POS
ལྷག་མེད་པ་	ལྷག་མེད་པ་	ADJ
། །		PUNCT
རྡོ་རྗེ་	རྡོ་རྗེ་	NOUN
འི་	གི་	PART
ཚིག་	ཚིག་	NOUN
ནི་	ནི་	NO_POS
བཅུ་	བཅུ་	NUM
ཞེ་	ཅེས་	PART
བྱ་	བྱ་	VERB
། །		PUNCT
ཐ་དད་པ་	ཐ་དད་པ་	ADJ
དང་	དང་	NO_POS
གཅིག་	གཅིག་	NUM
མཐའ་	མཐའ་	NOUN
དང་	དང་	NO_POS
། །		PUNCT
མུ་སྟེགས་	མུ་སྟེགས་	NOUN
ཉན་ཐོས་	ཉན་ཐོས་	NOUN
གཉི་ག་	གཉི་ག་	NO_POS
དང་	དང་	NO_POS
། །		PUNCT
གང་ཟག་	གང་ཟག་	NOUN
ཆོ་	ཆོ་	NOUN
ལ་	ལ་	PART
སྒྲོ་འདོགས་	སྒྲོ་འདོགས་	NOUN
དང་	དང་	NO_POS
། །		PUNCT
སྐུར་འདེབས་	སྐུར་འདེབས་	NO_POS
མཐའ་	མཐའ་	NOUN
རྣམས་	རྣམས་	DET
གཉིས་	གཉིས་	NUM
གཉིས་	གཉིས་	NUM
དང་	དང་	NO_POS
། །		PUNCT
མི་	མི་	PART
མཐུན་	མཐུན་	VERB
ཕྱོགས་	ཕྱོགས་	NOUN
དང་	དང་	NO_POS
གཉེན་པོ་	གཉེན་པོ་	NOUN
འི་	གི་	PART
མཐའ་	མཐའ་	NOUN
། །		PUNCT
རྟག་	རྟག་	VERB
དང་	དང་	NO_POS
ཆད་པ་	ཆད་པ་	VERB
ར་	ལ་	PART
འདུ་ཤེས་	འདུ་ཤེས་	NOUN
དང་	དང་	NO_POS
། །		PUNCT
གཟུང་	གཟུང་	VERB
དང་	དང་	NO_POS
འཛིན་	འཛིན་	VERB
དང་	དང་	NO_POS
ཀུན་	ཀུན་	DET
ཉོན་མོངས་	ཉོན་མོངས་	NOUN
། །		PUNCT
རྣམ་པ་	རྣམ་པ་	NOUN
ར་	ལ་	PART
བྱང་	བྱང་	NOUN
ལ་	ལ་	PART
༼		PUNCT
		
༽		PUNCT
གཉིས་	གཉིས་	NUM
དང་	དང་	NO_POS
གསུམ་	གསུམ་	NUM
། །		PUNCT
རྣམ་པ་	རྣམ་པ་	NOUN
ར་	ལ་	PART
རྟོག་པ་	རྟོག་པ་	VERB
གཉིས་	གཉིས་	NUM
ཀྱི་	གི་	PART
མཐའ་	མཐའ་	NOUN
། །		PUNCT
དེ་	སྟེ་	PART
ནི་	ནི་	NO_POS
རྣམ་པ་	རྣམ་པ་	NOUN
བདུན་	བདུན་	NUM
དུ་	ལ་	PART
འདོད་	འདོད་	VERB
། །		PUNCT
དངོས་ཡོད་	དངོས་ཡོད་	OTHER
དངོས་མེད་	དངོས་མེད་	NOUN
ཞི་	ཞི་	VERB
བྱ་	བྱ་	VERB
དང་	དང་	NO_POS
། །		PUNCT
ཞི་བྱེད་	ཞི་བྱེད་	NOUN
སྐྲག་	སྐྲག་	VERB
བྱ་དེ་	བྱ་དེ་	NO_POS
ལ་	ལ་	PART
འཇིགས་	འཇིགས་	VERB
། །		PUNCT
གཟུང་	གཟུང་	VERB
དང་	དང་	NO_POS
འཛིན་	འཛིན་	VERB
དང་	དང་	NO_POS
ཡང་དག་	ཡང་དག་	ADJ
ཉིད་	ཉིད་	DET
། །		PUNCT
ལོག་པ་	ལོག་པ་	VERB
ཉིད་	ཉིད་	DET
དང་	དང་	NO_POS
བྱེད་	བྱེད་	VERB
དང་	དང་	NO_POS
མིན་	མིན་	AUX
། །		PUNCT
སྐྱེ་བ་	སྐྱེ་བ་	VERB
མེད་	མེད་	VERB
དང་	དང་	NO_POS
མཉམ་པ་	མཉམ་པ་	VERB
འི་	གི་	PART
དུས་	དུས་	NOUN
། །		PUNCT
དེ་	སྟེ་	PART
ནི་	ནི་	NO_POS
རྣམ་རྟོག་	རྣམ་རྟོག་	NOUN
གཉིས་	གཉིས་	NUM
ཀྱི་	གི་	PART
མཐའ་	མཐའ་	NOUN
། །		PUNCT
ཁྱད་པར་ཅན་	ཁྱད་པར་ཅན་	ADJ
དང་	དང་	NO_POS
ཁྱད་མེད་	ཁྱད་མེད་	NO_POS
ནི་	ནི་	NO_POS
། །		PUNCT
ས་བཅུ་	ས་བཅུ་	NO_POS
དག་	དག་	DET
ཏུ་	ལ་	PART
ཤེས་པ་	ཤེས་པ་	VERB
ར་	ལ་	PART
བྱ་	བྱ་	VERB
། །		PUNCT
རྣམ་པ་	རྣམ་པ་	NOUN
ར་	ལ་	PART
གཞག་	གཞག་	VERB
དང་	དང་	NO_POS
དེ་བཞིན་	དེ་བཞིན་	OTHER
དབྱིངས་	དབྱིངས་	NOUN
། །		PUNCT
སྒྲུབ་	སྒྲུབ་	VERB
དང་	དང་	NO_POS
སྒྲུབ་	སྒྲུབ་	VERB
དང་	དང་	NO_POS
འཛིན་པ་	འཛིན་པ་	VERB
དང་	དང་	NO_POS
། །		PUNCT
ངེས་པ་		
འཛིན་	འཛིན་	VERB
དང་	དང་	NO_POS
རབ་ཏུ་	རབ་ཏུ་	NO_POS
འཛིན་	འཛིན་	VERB
། །		PUNCT
རབ་ཏུ་	རབ་ཏུ་	NO_POS
རྟོགས་	རྟོགས་	VERB
དང་	དང་	NO_POS
རབ་	རབ་	ADV
རྒྱ་	རྒྱ་	VERB
དང་	དང་	NO_POS
། །		PUNCT
རྣམ་པ་	རྣམ་པ་	NOUN
ར་	ལ་	PART
རྟོག་	རྟོག་	VERB
དང་	དང་	NO_POS
རྣལ་	རྣལ་	VERB
འདུག་	འདུག་	VERB
དང་	དང་	NO_POS
། །		PUNCT
ཕུལ་	ཕུལ་	VERB
དུ་	ལ་	PART
བྱུང་བ་	བྱུང་བ་	VERB
འི་	གི་	PART
དམིགས་པ་	དམིགས་པ་	VERB
ར་	ལ་	PART
འདོད་	འདོད་	VERB
། །		PUNCT
མ་ཚང་	མ་ཚང་	NO_POS
མེད་	མེད་	VERB
དང་	དང་	NO_POS
མི་	མི་	PART
སྤོང་	སྤོང་	VERB
དང་	དང་	NO_POS
། །		PUNCT
མི་	མི་	PART
གཡེང་བ་	གཡེང་བ་	VERB
དང་	དང་	NO_POS
རབ་	རབ་	ADV
རྫོགས་	རྫོགས་	VERB
དང་	དང་	NO_POS
། །		PUNCT
ཡང་དག་	ཡང་དག་	ADJ
སྐྱེད་	སྐྱེད་	VERB
དང་	དང་	NO_POS
འཕེལ་བ་	འཕེལ་བ་	VERB
དང་	དང་	NO_POS
། །		PUNCT
ལ་	ལ་	ADP
ས་	གིས་	PART
སུ་	ལ་	PART
རུང་	རུང་	SCONJ
དང་	དང་	NO_POS
མི་	མི་	PART
གནས་	གནས་	NOUN
དང་	དང་	NO_POS
། །		PUNCT
སྒྲིབ་པ་	སྒྲིབ་པ་	VERB
མེད་པ་	མེད་པ་	VERB
ཉིད་	ཉིད་	DET
དང་	དང་	NO_POS
ནི་	ནི་	NO_POS
། །		PUNCT
རྒྱུན་	རྒྱུན་	NOUN
མི་	མི་	PART
གཅོད་པ་	གཅོད་པ་	VERB
ཡང་དག་	ཡང་དག་	ADJ
འགྲུབ་	འགྲུབ་	VERB
། །		PUNCT
དབུ་	དབུ་	NOUN
རྣམ་འབྱེད་པ་	རྣམ་འབྱེད་པ་	NOUN
འི་	གི་	PART
བསྟན་བཅོས་	བསྟན་བཅོས་	NOUN
ཏེ་	སྟེ་	PART
། །		PUNCT
རྟོགས་པ་	རྟོགས་པ་	VERB
ར་	ལ་	PART
དཀའ་	དཀའ་	VERB
དང་	དང་	NO_POS
སྙིང་པོ་	སྙིང་པོ་	NOUN
འི་	གི་	PART
དོན་	དོན་	NOUN
། །		PUNCT
དོན་	དོན་	NOUN
ཆེན་	ཆེན་	NO_POS
དེ་བཞིན་	དེ་བཞིན་	OTHER
ཀུན་	ཀུན་	DET
གྱི་	གི་	PART
དོན་	དོན་	NOUN
། །		PUNCT
དོན་མེད་	དོན་མེད་	ADJ
ཐམས་ཅད་	ཐམས་ཅད་	DET
སེལ་བ་	སེལ་བ་	VERB
འོ་	གོ་	PART
། །		PUNCT
བསྟན་བཅོས་	བསྟན་བཅོས་	NOUN
དབུ་	དབུ་	NOUN
དང་	དང་	NO_POS
མཐའ་	མཐའ་	NOUN
རྣམ་པ་	རྣམ་པ་	NOUN
ར་	ལ་	PART
འབྱེད་པ་	འབྱེད་པ་	VERB
ལ་	ལ་	ADP
ས་	གིས་	PART
།		PUNCT
ཐེག་པ་	ཐེག་པ་	NOUN
བླ་	བླ་	NOUN
ན་	ལ་	PART
མེད་པ་	མེད་པ་	VERB
འི་	གི་	PART
ལེའུ་	ལེའུ་	NOUN
ར་	ལ་	PART
བཅད་པ་	བཅད་པ་	VERB
ཞེ་	ཅེས་	PART
བྱ་བ་	བྱ་བ་	VERB
སྟེ་	སྟེ་	PART
ལྔ་པ་	ལྔ་པ་	NUM
འོ་	གོ་	PART
།། །།		PUNCT
བསྟན་བཅོས་	བསྟན་བཅོས་	NOUN
དབུ་	དབུ་	NOUN
དང་	དང་	NO_POS
མཐའ་	མཐའ་	NOUN
རྣམ་པ་	རྣམ་པ་	NOUN
ར་	ལ་	PART
འབྱེད་པ་	འབྱེད་པ་	VERB
ཞེ་	ཅེས་	PART
བྱ་བ་	བྱ་བ་	VERB
འི་	གི་	PART
ཚིག་ལེའུ་	ཚིག་ལེའུ་	OTHER
ར་	ལ་	PART
བྱས་པ་	བྱས་པ་	VERB
འཕགས་པ་	འཕགས་པ་	VERB
བྱམས་པ་	བྱམས་པ་	PROPN
ས་	གིས་	PART
མཛད་པ་	མཛད་པ་	VERB
རྫོགས་	རྫོགས་	VERB
སོ་	གོ་	PART
།། །།		PUNCT
རྒྱ་གར་	རྒྱ་གར་	PROPN
གྱི་	གི་	PART
མཁན་པོ་	མཁན་པོ་	NOUN
ཛི་ན་མི་ཏྲ་	ཛི་ན་མི་ཏྲ་	PROPN
དང་	དང་	NO_POS
།		PUNCT
ཤཱི་		NON_WORD
ལེནྡྲ་བོ་	ལེནྡྲ་བོ་	NON_WORD
དྷི་		NON_WORD
དང་	དང་	NO_POS
།		PUNCT
ཞུ་ཆེན་	ཞུ་ཆེན་	OTHER
གྱི་	གི་	PART
ལོ་ཙཱ་བ་	ལོ་ཙཱ་བ་	NOUN
བནྡེ་		NON_WORD
ཡེ་ཤེས་	ཡེ་ཤེས་	NOUN
སྡེ་	སྡེ་	NOUN
ས་	གིས་	PART
བསྒྱུར་	བསྒྱུར་	VERB
ཅིང་	ཅིང་	PART
ཞུ་	ཞུ་	VERB
ཏེ་	སྟེ་	PART
གཏན་	གཏན་	NOUN
ལ་	ལ་	PART
ཕབ་པ་	ཕབ་པ་	VERB
འོ་	གོ་	PART
།། །།		PUNCT
		
༈ །		PUNCT
བལ་ཡུལ་	བལ་ཡུལ་	PROPN
ན་	ནས་	PART
རྒྱལ་	རྒྱལ་	VERB
ཡོངས་	ཡོངས་	DET
ས་	ས་	ADP
ཆེན་	ཆེན་	NO_POS
ཞེས་་	ཞེས་པ་	PART
ལ་	ལ་	ADP
ས་	གིས་	PART
གུ་རུ་	གུ་རུ་	PROPN
ས་	གིས་	PART
སྤེལ་	སྤེལ་	VERB
།། །།		PUNCT
		
